# SHOT START
# legend_version=2
# time_base=ms_since_boot
# units: pressure=bar, flow=ml_s, output=percent, derivative=bar_s
# raw_p = raw pressure sensor reading
# flt_p = filtered pressure used by controller
# sp_raw = raw incoming pressure setpoint currently held by the profile engine
# sp_flt = filtered pressure setpoint actually used internally by the controller
# sp_recipe = visual recipe reference; ideal profile target for display/comparison
# sp_ctrl = control reference after internal conditioning; command seen by control logic
# sp_flt_d = derivative of filtered pressure setpoint
# ctrl_out = final controller output command in percent
# pump_duty = internal normalized pressure-branch duty estimate
# pump_flow = estimated pump flow
# coffee_flow = estimated outflow through puck / coffee flow
# u_raw = pressure branch output after clamp and before final slew limiter
# u_applied = pressure branch output after final slew limiter
# u_delta = u_raw - u_applied; limiter intervention magnitude
# limiter_active_up = 1 when rise slew limiter is active
# limiter_active_down = 1 when drop slew limiter is active
# error_integral = integral state of legacy pressure controller
# u_unclamped_raw = controller output before 0..100 clamp
# u_clamped_raw = controller output after 0..100 clamp and before slew limiter
# u_clamp_delta = u_unclamped_raw - u_clamped_raw
# clamp_active_high = 1 when output was clipped by upper clamp
# clamp_active_low = 1 when output was clipped by lower clamp
# u_fb = legacy pressure feedback contribution
# u_ff_hold = static feedforward contribution
# u_ff_dyn = dynamic feedforward contribution
# u_ff_dyn_raw = raw dynamic feedforward request before FF-path LPF and slew limiting
# ff_pressure_w = pressure-window weight applied to dynamic FF
# ff_above_w = above-target suppression weight applied to dynamic FF
# ff_gamma = ramp-dependent gamma multiplier applied to dynamic FF
# u_ff_total = total feedforward contribution
# ramp_hold_active = 1 when the downstream drop-rate hold is active during ramp-up
# drop_rate_active = active downstream output drop-rate cap in percent per second
# mpc_shadow_enabled = 1 when shadow MPC is being computed in parallel
# mpc_u_shadow = total output suggested by shadow MPC; not applied to actuator in shadow stage
# mpc_u_ss = steady-state component suggested by shadow MPC
# mpc_u_trim = corrective trim component suggested by shadow MPC
# mpc_p1_pred = one-step pressure prediction from shadow MPC model
# mpc_pn_pred = terminal pressure prediction at end of shadow MPC horizon
# mpc_qout_est = estimated outflow / load used by shadow MPC model
# mpc_qout_raw = instantaneous outflow / load estimate before shadow-MPC LPF
# mpc_residual = measured minus predicted pressure residual for shadow MPC
# mpc_residual_bias = low-pass residual bias term added to shadow predictions
# mpc_cost = shadow MPC objective value
# power_cmd = floating-point power command sent to pump stage before integer quantization
# power_psm_quantized = integer power actually sent to PSM
# power_quant_residual = sigma-delta residual kept for next quantization step
# tach_period_us = measured time between valid tach pulses in microseconds
# tach_rpm_inst = instantaneous RPM derived from tach_period_us and pulses-per-revolution
# tach_rpm_ema = exponentially filtered RPM intended for easier visual analysis
# tach_pulse_count = total number of valid tach pulses seen since the last reset
# tach_glitch_rejects = number of tach edges rejected as implausibly fast glitches
# tach_timeout = 1 when no recent tach pulse is available and RPM is forced to zero
ms,raw_p,flt_p,sp_raw,sp_flt,sp_recipe,sp_ctrl,sp_flt_d,ctrl_out,pump_duty,pump_flow,coffee_flow,u_raw,u_applied,u_delta,limiter_active_up,limiter_active_down,error_integral,u_unclamped_raw,u_clamped_raw,u_clamp_delta,clamp_active_high,clamp_active_low,u_fb,u_ff_hold,u_ff_dyn,u_ff_dyn_raw,ff_pressure_w,ff_above_w,ff_gamma,u_ff_total,ramp_hold_active,drop_rate_active,mpc_shadow_enabled,mpc_u_shadow,mpc_u_ss,mpc_u_trim,mpc_p1_pred,mpc_pn_pred,mpc_qout_est,mpc_qout_raw,mpc_residual,mpc_residual_bias,mpc_cost,power_cmd,power_psm_quantized,power_quant_residual,tach_period_us,tach_rpm_inst,tach_rpm_ema,tach_pulse_count,tach_glitch_rejects,tach_timeout
565149,0.289,0.290,1.100,0.175,1.100,0.175,2.953,0.00,0.0000,0.000,0.000,0.00,0.00,0.00,0,0,0.00000,-17.75,0.00,-17.75,0,1,-17.75,0.00,0.00,0.00,0.00,0.671,1.000,0.00,0,255.00,1,10.59,10.98,-0.40,0.328,0.517,0.001,0.006,0.000,0.000,1.484,0.00,0,0.0000,0,0.00,0.00,0,0,1
565250,0.000,0.066,1.100,0.387,1.100,0.387,3.477,11.40,0.2013,0.244,0.000,20.13,11.40,8.73,1,0,0.00000,20.13,20.13,0.00,0,0,20.13,0.00,0.00,0.00,0.00,1.000,1.000,0.00,1,60.00,1,23.21,20.96,2.25,0.124,0.413,0.579,3.430,-0.126,-0.014,3.837,11.40,11,0.1000,1649,18192.84,18192.84,8,0,0
565382,0.000,0.007,1.100,0.635,1.100,0.635,2.384,23.27,0.2327,1.043,0.000,23.27,23.27,0.00,0,0,-0.03528,23.27,23.27,0.00,0,0,23.27,0.00,0.00,0.00,0.00,1.000,1.000,0.00,1,60.00,1,31.07,27.10,3.97,0.059,0.312,1.871,5.214,-0.068,-0.022,4.799,23.27,23,-0.0873,1704,17605.63,17906.29,18,0,0
565511,0.000,0.001,1.100,0.797,1.100,0.797,1.555,25.23,0.2523,1.797,0.000,25.23,25.23,0.00,0,0,-0.10245,25.23,25.23,0.00,0,0,25.23,0.00,0.00,0.00,0.00,1.000,1.000,0.00,1,60.00,1,32.74,27.78,4.96,0.035,0.203,2.825,5.094,-0.040,-0.025,6.454,25.23,25,-0.2152,1697,17678.26,17898.37,27,0,0
565641,0.095,0.052,1.100,0.903,1.100,0.903,1.012,26.31,0.2631,2.431,0.000,26.31,26.31,0.00,0,0,-0.17917,26.31,26.31,0.00,0,0,26.31,0.00,0.00,0.00,0.00,1.000,1.000,0.00,1,60.00,1,33.03,28.03,5.00,0.076,0.192,3.424,4.578,0.022,-0.024,6.735,26.31,26,0.1191,1654,18137.85,18015.23,42,1,0
565774,0.200,0.170,1.100,0.972,1.100,0.972,0.658,26.38,0.2638,2.916,0.000,26.38,26.38,0.00,0,0,-0.25270,26.38,26.38,0.00,0,0,26.38,0.00,0.00,0.00,0.00,1.000,1.000,0.00,1,60.00,1,32.10,27.19,4.91,0.192,0.295,3.585,3.785,0.011,-0.019,5.473,26.38,26,0.1766,6990,4291.85,13888.50,56,3,0
565910,0.400,0.353,1.100,1.017,1.100,1.017,0.428,25.08,0.2508,3.239,0.000,25.08,25.08,0.00,0,0,-0.31621,25.08,25.08,0.00,0,0,25.08,0.00,0.00,0.00,0.00,1.000,1.000,0.00,1,60.00,1,29.09,25.07,4.02,0.374,0.474,3.393,2.655,0.031,-0.011,3.399,25.08,25,-0.2571,4129,7265.68,9508.21,72,4,0
566038,0.417,0.419,1.100,1.046,1.100,1.046,0.279,24.84,0.2484,3.445,0.000,24.84,24.84,0.00,0,0,-0.37228,24.84,24.84,0.00,0,0,24.84,0.00,0.00,0.00,0.00,1.000,1.000,0.00,1,60.00,1,27.51,23.74,3.77,0.440,0.542,3.171,2.860,-0.022,-0.009,2.750,24.84,25,-0.2722,1903,15764.58,12116.58,90,4,0
566174,0.424,0.419,1.100,1.065,1.100,1.065,0.181,25.56,0.2556,3.630,0.000,25.56,25.56,0.00,0,0,-0.43016,25.56,25.56,0.00,0,0,25.56,0.00,0.00,0.00,0.00,1.000,1.000,0.00,0,255.00,1,27.78,23.91,3.87,0.438,0.533,3.221,3.485,-0.015,-0.011,2.847,25.56,26,-0.1414,1630,18404.91,15185.28,104,6,0
566303,0.521,0.492,1.100,1.077,1.100,1.077,0.118,24.87,0.2487,3.760,0.000,24.87,24.87,0.00,0,0,-0.48506,24.87,24.87,0.00,0,0,24.87,0.00,0.00,0.00,0.00,1.000,1.000,0.00,0,255.00,1,26.88,23.37,3.51,0.509,0.592,3.251,3.188,0.015,-0.009,2.307,24.87,24,0.4433,1748,17162.47,15548.70,124,7,0
566436,0.596,0.575,1.100,1.085,1.100,1.085,0.077,23.58,0.2358,3.805,0.000,23.58,23.58,0.00,0,0,-0.53304,23.58,23.58,0.00,0,0,23.58,0.00,0.00,0.00,0.00,1.000,1.000,0.00,0,255.00,1,25.26,22.22,3.05,0.590,0.666,3.148,2.813,0.008,-0.006,1.707,23.58,23,0.4250,1589,18879.80,16954.46,134,9,0
566565,0.636,0.625,1.100,1.090,1.100,1.090,0.050,22.75,0.2275,3.796,0.000,22.75,22.75,0.00,0,0,-0.57601,22.75,22.75,0.00,0,0,22.75,0.00,0.00,0.00,0.00,1.000,1.000,0.00,0,255.00,1,24.11,21.34,2.77,0.639,0.711,3.037,2.791,-0.002,-0.005,1.386,22.75,22,0.3155,2261,13268.46,15180.41,158,11,0
566704,0.638,0.634,1.100,1.094,1.100,1.094,0.032,22.90,0.2290,3.784,0.000,22.90,22.90,0.00,0,0,-0.61747,22.90,22.90,0.00,0,0,22.90,0.00,0.00,0.00,0.00,1.000,1.000,0.00,0,255.00,1,24.09,21.35,2.74,0.648,0.715,3.036,3.134,-0.010,-0.006,1.350,22.90,23,-0.1826,1223,24529.84,17863.40,182,11,0
566832,0.631,0.630,1.100,1.096,1.100,1.096,0.021,23.42,0.2342,3.792,0.000,23.42,23.42,0.00,0,0,-0.65932,23.42,23.42,0.00,0,0,23.42,0.00,0.00,0.00,0.00,1.000,1.000,0.00,0,255.00,1,24.69,21.90,2.78,0.642,0.703,3.145,3.494,-0.012,-0.007,1.422,23.42,24,-0.3348,2584,11609.91,15110.85,196,11,0
566966,0.629,0.627,1.100,1.097,1.100,1.097,0.014,23.88,0.2388,3.817,0.000,23.88,23.88,0.00,0,0,-0.70162,23.88,23.88,0.00,0,0,23.88,0.00,0.00,0.00,0.00,1.000,1.000,0.00,0,255.00,1,25.38,22.57,2.82,0.638,0.691,3.300,3.722,-0.010,-0.008,1.496,23.88,24,-0.0572,1894,15839.49,14248.30,210,13,0
567094,0.640,0.638,1.100,1.098,1.100,1.098,0.008,24.08,0.2408,3.853,0.000,24.08,24.08,0.00,0,0,-0.75740,24.08,24.08,0.00,0,0,24.08,0.00,0.00,0.00,0.00,1.000,1.000,0.00,0,255.00,1,25.92,23.15,2.77,0.647,0.690,3.475,3.786,-0.007,-0.008,1.491,24.08,24,0.0237,3897,7698.23,12256.89,223,15,0
567227,0.651,0.649,1.100,1.099,1.100,1.099,0.004,24.23,0.2423,3.885,0.000,24.23,24.23,0.00,0,0,-0.81186,24.23,24.23,0.00,0,0,24.23,0.00,0.00,0.00,0.00,1.000,1.000,0.00,0,255.00,1,26.28,23.57,2.71,0.657,0.695,3.598,3.823,-0.006,-0.007,1.456,24.23,25,-0.3028,2973,10090.82,10858.21,237,17,0
567355,0.661,0.662,1.100,1.100,1.100,1.100,0.002,24.32,0.2432,3.911,0.000,24.32,24.32,0.00,0,0,-0.86485,24.32,24.32,0.00,0,0,24.32,0.00,0.00,0.00,0.00,1.000,1.000,0.00,0,255.00,1,26.49,23.84,2.64,0.669,0.704,3.680,3.837,-0.008,-0.007,1.397,24.32,25,-0.2693,3416,8782.20,11123.51,257,18,0
567490,0.769,0.733,1.100,1.100,1.100,1.100,0.002,22.31,0.2231,3.885,0.000,22.31,22.31,0.00,0,0,-0.90102,22.31,22.31,0.00,0,0,22.31,0.00,0.00,0.00,0.00,1.000,1.000,0.00,0,255.00,1,24.75,22.53,2.21,0.738,0.765,3.607,3.060,0.033,-0.004,1.024,22.31,22,-0.1339,1675,17910.45,13655.51,275,18,0
567622,0.840,0.784,1.100,1.100,1.100,1.100,0.001,20.69,0.2069,3.810,0.000,20.69,20.69,0.00,0,0,-0.93283,20.69,20.69,0.00,0,0,20.69,0.00,0.00,0.00,0.00,1.000,1.000,0.00,0,255.00,1,23.08,21.17,1.91,0.788,0.812,3.442,2.628,0.055,-0.002,0.774,20.69,21,-0.1564,3028,9907.53,11445.23,291,20,0
567756,0.645,0.680,1.100,1.100,1.100,1.100,0.001,24.63,0.2463,3.793,0.000,24.63,24.63,0.00,0,0,-0.96625,24.63,24.63,0.00,0,0,24.63,0.00,0.00,0.00,0.00,1.000,1.000,0.00,0,255.00,1,26.02,23.50,2.52,0.689,0.734,3.501,4.288,-0.047,-0.007,1.197,24.63,24,0.3574,3742,8017.10,9868.92,307,20,0
567886,0.737,0.697,1.100,1.100,1.100,1.100,0.000,24.41,0.2441,3.872,0.000,24.41,24.41,0.00,0,0,-1.00537,24.41,24.41,0.00,0,0,24.41,0.00,0.00,0.00,0.00,1.000,1.000,0.00,0,255.00,1,26.53,24.10,2.43,0.703,0.733,3.754,3.948,0.037,-0.006,1.198,24.41,24,0.1619,6015,4987.53,7874.59,323,22,0
567986,0.686,0.710,1.100,1.100,1.100,1.100,0.000,24.18,0.2418,3.870,0.000,24.18,24.18,0.00,0,0,-1.02798,24.18,24.18,0.00,0,0,24.18,0.00,0.00,0.00,0.00,1.000,1.000,0.00,0,255.00,1,26.27,23.92,2.35,0.716,0.746,3.737,3.864,-0.031,-0.006,1.120,24.18,25,-0.4807,6015,4987.53,6835.25,339,24,0
568114,0.707,0.705,1.100,1.100,1.100,1.100,0.000,24.65,0.2465,3.903,0.000,24.65,24.65,0.00,0,0,-1.06367,24.65,24.65,0.00,0,0,24.65,0.00,0.00,0.00,0.00,1.000,1.000,0.00,0,255.00,1,26.78,24.40,2.38,0.711,0.740,3.813,3.996,-0.004,-0.006,1.155,24.65,24,0.3041,1622,18495.68,11272.64,357,25,0
568250,0.771,0.761,1.100,1.100,1.100,1.100,0.000,22.95,0.2295,3.881,0.000,22.95,22.95,0.00,0,0,-1.09572,22.95,22.95,0.00,0,0,22.95,0.00,0.00,0.00,0.00,1.000,1.000,0.00,0,255.00,1,25.27,23.22,2.05,0.766,0.788,3.728,3.366,0.006,-0.003,0.885,22.95,23,-0.2747,2361,12706.48,12713.37,371,26,0
568383,0.843,0.822,1.100,1.100,1.100,1.100,0.000,20.72,0.2072,3.785,0.000,20.72,20.72,0.00,0,0,-1.12262,20.72,20.72,0.00,0,0,20.72,0.00,0.00,0.00,0.00,1.000,1.000,0.00,0,255.00,1,23.02,21.34,1.68,0.826,0.845,3.498,2.748,0.018,-0.001,0.613,20.72,20,0.2744,2035,14742.01,13372.46,393,28,0
568519,0.819,0.822,1.100,1.100,1.100,1.100,0.000,20.92,0.2092,3.682,0.000,20.92,20.92,0.00,0,0,-1.14736,20.92,20.92,0.00,0,0,20.92,0.00,0.00,0.00,0.00,1.000,1.000,0.00,0,255.00,1,22.63,20.96,1.67,0.828,0.856,3.327,3.030,-0.009,-0.001,0.554,20.92,20,0.4678,3585,8368.20,13231.64,412,28,0
568647,0.806,0.809,1.100,1.100,1.100,1.100,0.000,21.69,0.2169,3.633,0.000,21.69,21.69,0.00,0,0,-1.17321,21.69,21.69,0.00,0,0,21.69,0.00,0.00,0.00,0.00,1.000,1.000,0.00,0,255.00,1,23.10,21.36,1.74,0.816,0.847,3.317,3.381,-0.010,-0.003,0.584,21.69,22,-0.1132,6884,4357.93,9414.58,430,29,0
568782,0.777,0.786,1.100,1.100,1.100,1.100,0.000,22.88,0.2288,3.634,0.000,22.88,22.88,0.00,0,0,-1.20066,22.88,22.88,0.00,0,0,22.88,0.00,0.00,0.00,0.00,1.000,1.000,0.00,0,255.00,1,24.18,22.29,1.89,0.792,0.825,3.413,3.786,-0.016,-0.004,0.681,22.88,23,0.1510,7072,4242.08,7341.72,443,29,0
568909,0.781,0.779,1.100,1.100,1.100,1.100,0.000,23.40,0.2340,3.669,0.000,23.40,23.40,0.00,0,0,-1.22959,23.40,23.40,0.00,0,0,23.40,0.00,0.00,0.00,0.00,1.000,1.000,0.00,0,255.00,1,24.90,22.96,1.93,0.784,0.813,3.551,3.876,-0.004,-0.005,0.738,23.40,23,0.1136,7072,4242.08,5829.10,460,32,0
569042,0.799,0.793,1.100,1.100,1.100,1.100,0.000,23.09,0.2309,3.692,0.000,23.09,23.09,0.00,0,0,-1.25778,23.09,23.09,0.00,0,0,23.09,0.00,0.00,0.00,0.00,1.000,1.000,0.00,0,255.00,1,24.83,22.97,1.86,0.797,0.820,3.614,3.697,0.002,-0.004,0.703,23.09,23,-0.1613,4195,7151.37,6101.98,477,34,0
569171,0.819,0.815,1.100,1.100,1.100,1.100,0.000,22.39,0.2239,3.683,0.000,22.39,22.39,0.00,0,0,-1.28402,22.39,22.39,0.00,0,0,22.39,0.00,0.00,0.00,0.00,1.000,1.000,0.00,0,255.00,1,24.23,22.50,1.72,0.819,0.838,3.584,3.459,0.001,-0.003,0.619,22.39,23,-0.4072,1795,16713.09,10737.15,492,35,0
569307,0.847,0.838,1.100,1.100,1.100,1.100,0.000,21.60,0.2160,3.647,0.000,21.60,21.60,0.00,0,0,-1.30829,21.60,21.60,0.00,0,0,21.60,0.00,0.00,0.00,0.00,1.000,1.000,0.00,0,255.00,1,23.42,21.84,1.58,0.842,0.860,3.504,3.243,0.005,-0.002,0.528,21.60,21,0.2074,2378,12615.64,12833.92,506,36,0
569437,0.882,0.870,1.100,1.100,1.100,1.100,0.000,20.35,0.2035,3.578,0.000,20.35,20.35,0.00,0,0,-1.33012,20.35,20.35,0.00,0,0,20.35,0.00,0.00,0.00,0.00,1.000,1.000,0.00,0,255.00,1,22.17,20.78,1.39,0.873,0.889,3.371,2.927,0.010,-0.001,0.417,20.35,21,-0.2001,1589,18879.80,14106.50,521,36,0
569575,0.925,0.915,1.100,1.100,1.100,1.100,0.000,18.37,0.1837,3.450,0.000,18.37,18.37,0.00,0,0,-1.34792,18.37,18.37,0.00,0,0,18.37,0.00,0.00,0.00,0.00,1.000,1.000,0.00,0,255.00,1,20.13,19.01,1.12,0.917,0.930,3.136,2.465,0.009,0.001,0.281,18.37,19,-0.4272,1697,17678.26,15888.82,540,37,0
569707,0.933,0.931,1.100,1.100,1.100,1.100,0.000,17.69,0.1769,3.308,0.000,17.69,17.69,0.00,0,0,-1.36338,17.69,17.69,0.00,0,0,17.69,0.00,0.00,0.00,0.00,1.000,1.000,0.00,0,255.00,1,19.06,18.05,1.01,0.935,0.952,2.926,2.456,-0.001,0.001,0.213,17.69,18,-0.0876,4097,7322.43,13113.19,552,38,0
569842,0.907,0.913,1.100,1.100,1.100,1.100,0.000,18.71,0.1871,3.223,0.000,18.71,18.71,0.00,0,0,-1.37966,18.71,18.71,0.00,0,0,18.71,0.00,0.00,0.00,0.00,1.000,1.000,0.00,0,255.00,1,19.59,18.47,1.11,0.918,0.943,2.879,2.887,-0.011,-0.001,0.230,18.71,19,0.0336,8397,3572.70,10321.96,564,38,0
569972,0.887,0.892,1.100,1.100,1.100,1.100,0.000,19.89,0.1989,3.203,0.000,19.89,19.89,0.00,0,0,-1.39772,19.89,19.89,0.00,0,0,19.89,0.00,0.00,0.00,0.00,1.000,1.000,0.00,0,255.00,1,20.59,19.35,1.24,0.898,0.924,2.959,3.262,-0.012,-0.002,0.283,19.89,19,0.4940,8244,3639.01,7011.64,575,38,0
570108,0.890,0.889,1.100,1.100,1.100,1.100,0.000,20.21,0.2021,3.214,0.000,20.21,20.21,0.00,0,0,-1.41681,20.21,20.21,0.00,0,0,20.21,0.00,0.00,0.00,0.00,1.000,1.000,0.00,0,255.00,1,21.10,19.83,1.27,0.893,0.915,3.065,3.305,-0.003,-0.003,0.307,20.21,20,0.0695,8244,3639.01,5365.80,591,40,0
570237,0.909,0.904,1.100,1.100,1.100,1.100,0.000,19.62,0.1962,3.207,0.000,19.62,19.62,0.00,0,0,-1.43491,19.62,19.62,0.00,0,0,19.62,0.00,0.00,0.00,0.00,1.000,1.000,0.00,0,255.00,1,20.75,19.57,1.18,0.907,0.922,3.090,3.084,0.002,-0.002,0.285,19.62,20,-0.4453,8244,3639.01,4523.12,611,43,0
570337,0.921,0.916,1.100,1.100,1.100,1.100,0.000,19.15,0.1915,3.188,0.000,19.15,19.15,0.00,0,0,-1.44614,19.15,19.15,0.00,0,0,19.15,0.00,0.00,0.00,0.00,1.000,1.000,0.00,0,255.00,1,20.37,19.25,1.11,0.918,0.930,3.067,2.950,0.003,-0.002,0.261,19.15,19,0.0953,5993,5005.84,4478.21,623,45,0
570466,0.932,0.929,1.100,1.100,1.100,1.100,0.000,18.62,0.1862,3.144,0.000,18.62,18.62,0.00,0,0,-1.46179,18.62,18.62,0.00,0,0,18.62,0.00,0.00,0.00,0.00,1.000,1.000,0.00,0,255.00,1,19.81,18.78,1.03,0.931,0.943,3.002,2.832,0.000,-0.001,0.226,18.62,18,0.2742,2203,13617.79,7096.68,636,45,0
570601,0.941,0.939,1.100,1.100,1.100,1.100,0.000,18.25,0.1825,3.095,0.000,18.25,18.25,0.00,0,0,-1.47648,18.25,18.25,0.00,0,0,18.25,0.00,0.00,0.00,0.00,1.000,1.000,0.00,0,255.00,1,19.35,18.38,0.97,0.941,0.953,2.936,2.773,-0.000,-0.001,0.197,18.25,18,0.2385,5029,5965.40,9056.03,653,45,0
570730,0.947,0.945,1.100,1.100,1.100,1.100,0.000,18.06,0.1806,3.049,0.000,18.06,18.06,0.00,0,0,-1.49059,18.06,18.06,0.00,0,0,18.06,0.00,0.00,0.00,0.00,1.000,1.000,0.00,0,255.00,1,19.07,18.14,0.93,0.948,0.961,2.886,2.763,-0.001,-0.001,0.179,18.06,18,-0.3985,6487,4624.63,7250.04,670,46,0
570864,0.959,0.955,1.100,1.100,1.100,1.100,0.000,17.67,0.1767,3.002,0.000,17.67,17.67,0.00,0,0,-1.50396,17.67,17.67,0.00,0,0,17.67,0.00,0.00,0.00,0.00,1.000,1.000,0.00,0,255.00,1,18.65,17.78,0.87,0.957,0.969,2.837,2.687,0.002,-0.001,0.158,17.67,18,0.0549,4270,7025.76,6677.84,686,47,0
570997,0.966,0.963,1.100,1.100,1.100,1.100,0.000,17.37,0.1737,2.954,0.000,17.37,17.37,0.00,0,0,-1.51661,17.37,17.37,0.00,0,0,17.37,0.00,0.00,0.00,0.00,1.000,1.000,0.00,0,255.00,1,18.30,17.48,0.83,0.965,0.976,2.787,2.642,0.001,-0.001,0.141,17.37,18,-0.4094,5148,5827.51,6725.13,702,48,0
571131,0.971,0.970,1.100,1.100,1.100,1.100,0.000,17.09,0.1709,2.903,0.000,17.09,17.09,0.00,0,0,-1.52841,17.09,17.09,0.00,0,0,17.09,0.00,0.00,0.00,0.00,1.000,1.000,0.00,0,255.00,1,17.95,17.17,0.78,0.973,0.984,2.734,2.609,-0.001,-0.001,0.125,17.09,17,-0.0150,1606,18679.95,10247.08,720,48,0
571262,0.976,0.976,1.100,1.100,1.100,1.100,0.000,16.90,0.1690,2.856,0.000,16.90,16.90,0.00,0,0,-1.53969,16.90,16.90,0.00,0,0,16.90,0.00,0.00,0.00,0.00,1.000,1.000,0.00,0,255.00,1,17.69,16.94,0.75,0.978,0.990,2.691,2.594,-0.002,-0.001,0.113,16.90,17,-0.2246,1714,17502.92,12108.40,740,48,0
571398,0.987,0.984,1.100,1.100,1.100,1.100,0.000,16.57,0.1657,2.811,0.000,16.57,16.57,0.00,0,0,-1.55038,16.57,16.57,0.00,0,0,16.57,0.00,0.00,0.00,0.00,1.000,1.000,0.00,0,255.00,1,17.35,16.65,0.70,0.986,0.996,2.650,2.532,0.001,-0.000,0.100,16.57,17,-0.1809,3119,9618.47,11729.67,756,48,0
571528,0.992,0.990,1.100,1.100,1.100,1.100,0.000,16.33,0.1633,2.765,0.000,16.33,16.33,0.00,0,0,-1.56046,16.33,16.33,0.00,0,0,16.33,0.00,0.00,0.00,0.00,1.000,1.000,0.00,0,255.00,1,17.06,16.40,0.66,0.992,1.002,2.610,2.499,0.000,-0.000,0.089,16.33,16,0.0687,2978,10073.88,10790.48,767,50,0
571663,0.997,0.995,1.100,1.100,1.100,1.100,0.000,16.16,0.1616,2.724,0.000,16.16,16.16,0.00,0,0,-1.57009,16.16,16.16,0.00,0,0,16.16,0.00,0.00,0.00,0.00,1.000,1.000,0.00,0,255.00,1,16.84,16.21,0.63,0.997,1.007,2.575,2.482,-0.000,-0.000,0.081,16.16,16,-0.2326,3925,7643.31,9530.81,785,50,0
571793,1.002,1.000,1.100,1.100,1.100,1.100,0.000,15.98,0.1598,2.684,0.000,15.98,15.98,0.00,0,0,-1.57924,15.98,15.98,0.00,0,0,15.98,0.00,0.00,0.00,0.00,1.000,1.000,0.00,0,255.00,1,16.62,16.02,0.60,1.002,1.012,2.544,2.463,0.000,-0.000,0.073,15.98,16,-0.1319,1778,16872.89,12499.91,798,51,0
571924,1.006,1.005,1.100,1.100,1.100,1.100,0.000,15.79,0.1579,2.646,0.000,15.79,15.79,0.00,0,0,-1.58791,15.79,15.79,0.00,0,0,15.79,0.00,0.00,0.00,0.00,1.000,1.000,0.00,0,255.00,1,16.40,15.83,0.57,1.007,1.016,2.512,2.436,-0.001,-0.000,0.066,15.79,15,0.3508,1778,16872.89,14633.92,812,53,0
572061,1.011,1.010,1.100,1.100,1.100,1.100,0.000,15.60,0.1560,2.612,0.000,15.60,15.60,0.00,0,0,-1.59624,15.60,15.60,0.00,0,0,15.60,0.00,0.00,0.00,0.00,1.000,1.000,0.00,0,255.00,1,16.19,15.65,0.54,1.012,1.020,2.486,2.405,-0.000,-0.000,0.059,15.60,15,0.4478,3149,9526.83,11709.13,827,54,0
572192,1.017,1.015,1.100,1.100,1.100,1.100,0.000,15.42,0.1542,2.563,0.000,15.42,15.42,0.00,0,0,-1.60942,15.42,15.42,0.00,0,0,15.42,0.00,0.00,0.00,0.00,1.000,1.000,0.00,0,255.00,1,15.96,15.45,0.51,1.017,1.026,2.453,2.388,0.000,-0.000,0.052,15.42,15,0.1848,4386,6839.95,9717.45,838,55,0
572327,1.023,1.021,1.100,1.100,1.100,1.100,0.000,15.16,0.1516,2.529,0.000,15.16,15.16,0.00,0,0,-1.61662,15.16,15.16,0.00,0,0,15.16,0.00,0.00,0.00,0.00,1.000,1.000,0.00,0,255.00,1,15.69,15.22,0.47,1.023,1.030,2.421,2.337,-0.000,-0.000,0.045,15.16,15,-0.1868,3055,9819.97,11719.71,854,55,0
572457,1.026,1.026,1.100,1.100,1.100,1.100,0.000,14.98,0.1498,2.496,0.000,14.98,14.98,0.00,0,0,-1.62338,14.98,14.98,0.00,0,0,14.98,0.00,0.00,0.00,0.00,1.000,1.000,0.00,0,255.00,1,15.48,15.03,0.45,1.027,1.034,2.389,2.313,-0.001,-0.000,0.040,14.98,15,-0.1464,2200,13636.36,11125.10,869,56,0
572594,1.029,1.029,1.100,1.100,1.100,1.100,0.000,14.86,0.1486,2.466,0.000,14.86,14.86,0.00,0,0,-1.62981,14.86,14.86,0.00,0,0,14.86,0.00,0.00,0.00,0.00,1.000,1.000,0.00,0,255.00,1,15.31,14.89,0.42,1.031,1.038,2.362,2.303,-0.002,-0.000,0.036,14.86,14,0.4702,3277,9154.71,9714.89,882,57,0
572729,1.035,1.033,1.100,1.100,1.100,1.100,0.000,14.72,0.1472,2.439,0.000,14.72,14.72,0.00,0,0,-1.63602,14.72,14.72,0.00,0,0,14.72,0.00,0.00,0.00,0.00,1.000,1.000,0.00,0,255.00,1,15.16,14.76,0.40,1.034,1.041,2.343,2.280,0.001,-0.000,0.033,14.72,15,-0.1244,1666,18007.20,11953.96,899,57,0
572864,1.038,1.037,1.100,1.100,1.100,1.100,0.000,14.69,0.1469,2.408,0.000,14.69,14.69,0.00,0,0,-1.64378,14.69,14.69,0.00,0,0,14.69,0.00,0.00,0.00,0.00,1.000,1.000,0.00,0,255.00,1,15.05,14.68,0.37,1.039,1.046,2.319,2.278,-0.000,-0.000,0.027,14.69,15,-0.3509,1626,18450.18,15447.91,914,58,0
572995,1.043,1.043,1.100,1.100,1.100,1.100,0.000,14.77,0.1477,2.374,0.000,14.77,14.77,0.00,0,0,-1.65767,14.77,14.77,0.00,0,0,14.77,0.00,0.00,0.00,0.00,1.000,1.000,0.00,0,255.00,1,15.01,14.67,0.34,1.045,1.053,2.303,2.315,-0.002,-0.000,0.021,14.77,14,0.4499,2592,11574.07,13880.84,928,58,0
573130,1.049,1.049,1.100,1.100,1.100,1.100,0.000,14.84,0.1484,2.362,0.000,14.84,14.84,0.00,0,0,-1.67175,14.84,14.84,0.00,0,0,14.84,0.00,0.00,0.00,0.00,1.000,1.000,0.00,0,255.00,1,15.05,14.74,0.30,1.050,1.058,2.314,2.339,-0.002,-0.000,0.017,14.84,15,-0.3637,2569,11677.70,13824.66,947,58,0
573260,1.059,1.058,1.100,1.100,1.100,1.100,0.000,14.83,0.1483,2.361,0.000,14.83,14.83,0.00,0,0,-1.67879,14.83,14.83,0.00,0,0,14.83,0.00,0.00,0.00,0.00,1.000,1.000,0.00,0,255.00,1,14.99,14.74,0.25,1.059,1.066,2.315,2.295,0.000,-0.000,0.011,14.83,15,-0.1282,2951,10166.04,11181.28,962,58,0
573360,1.065,1.063,1.100,1.100,1.100,1.100,0.000,14.82,0.1482,2.360,0.000,14.82,14.82,0.00,0,0,-1.68236,14.82,14.82,0.00,0,0,14.82,0.00,0.00,0.00,0.00,1.000,1.000,0.00,0,255.00,1,14.93,14.71,0.22,1.064,1.071,2.308,2.281,0.001,-0.000,0.008,14.82,14,0.3731,10319,2907.26,8578.53,971,58,0
573495,1.070,1.070,1.100,1.100,1.100,1.100,0.000,14.84,0.1484,2.354,0.000,14.84,14.84,0.00,0,0,-1.69060,14.84,14.84,0.00,0,0,14.84,0.00,0.00,0.00,0.00,1.000,1.000,0.00,0,255.00,1,14.87,14.70,0.18,1.071,1.078,2.299,2.324,-0.001,-0.000,0.005,14.84,15,-0.3423,8246,3638.13,4276.69,983,59,0
573628,1.081,1.078,1.100,1.100,1.100,1.100,0.000,14.81,0.1481,2.354,0.000,14.81,14.81,0.00,0,0,-1.69475,14.81,14.81,0.00,0,0,14.81,0.00,0.00,0.00,0.00,1.000,1.000,0.00,0,255.00,1,14.83,14.70,0.13,1.079,1.083,2.307,2.283,0.003,-0.000,0.003,14.81,15,-0.1417,9183,3266.91,3713.73,994,63,0
573758,1.088,1.087,1.100,1.100,1.100,1.100,0.000,14.78,0.1478,2.349,0.000,14.78,14.78,0.00,0,0,-1.70044,14.78,14.78,0.00,0,0,14.78,0.00,0.00,0.00,0.00,1.000,1.000,0.00,0,255.00,1,14.74,14.67,0.07,1.088,1.092,2.301,2.293,0.000,-0.000,0.001,14.78,15,-0.3629,9183,3266.91,3305.29,1009,74,0
573858,1.095,1.095,1.100,1.100,1.100,1.100,0.000,14.73,0.1473,2.339,0.000,14.73,14.73,0.00,0,0,-1.70228,14.73,14.73,0.00,0,0,14.73,0.00,0.00,0.00,0.00,1.000,1.000,0.00,0,255.00,1,14.65,14.63,0.03,1.096,1.099,2.295,2.313,-0.001,0.000,0.000,14.73,15,-0.2850,9183,3266.91,3270.20,1026,85,0
573992,1.104,1.101,1.100,1.100,1.100,1.100,0.000,14.69,0.1469,2.336,0.000,14.69,14.69,0.00,0,0,-1.70273,14.69,14.69,0.00,0,0,14.69,0.00,0.00,0.00,0.00,1.000,1.000,0.00,0,255.00,1,14.61,14.62,-0.01,1.101,1.103,2.299,2.277,0.002,0.000,0.000,14.69,14,0.3319,9183,3266.91,3267.99,1035,90,0
574126,1.112,1.110,1.100,1.100,1.100,1.100,0.000,14.62,0.1462,2.331,0.000,14.62,14.62,0.00,0,0,-1.70207,14.62,14.62,0.00,0,0,14.62,0.00,0.00,0.00,0.00,1.000,1.000,0.00,0,255.00,1,14.46,14.52,-0.06,1.110,1.112,2.281,2.230,0.002,0.000,0.001,14.62,14,0.2427,9183,3266.91,3267.46,1051,93,0
574258,1.117,1.117,1.100,1.100,1.100,1.100,0.000,14.54,0.1454,2.322,0.000,14.54,14.54,0.00,0,0,-1.70018,14.54,14.54,0.00,0,0,14.54,0.00,0.00,0.00,0.00,1.000,1.000,0.00,0,255.00,1,14.31,14.41,-0.11,1.117,1.119,2.256,2.223,-0.000,0.000,0.003,14.54,14,0.4735,10242,2929.12,3102.29,1065,96,0
574399,1.122,1.122,1.100,1.100,1.100,1.100,0.000,14.47,0.1447,2.308,0.000,14.47,14.47,0.00,0,0,-1.69630,14.47,14.47,0.00,0,0,14.47,0.00,0.00,0.00,0.00,1.000,1.000,0.00,0,255.00,1,14.18,14.32,-0.14,1.122,1.124,2.239,2.240,-0.000,0.000,0.005,14.47,14,0.3795,10242,2929.12,2974.51,1079,102,0
574529,1.135,1.131,1.100,1.100,1.100,1.100,0.000,14.37,0.1437,2.300,0.000,14.37,14.37,0.00,0,0,-1.69378,14.37,14.37,0.00,0,0,14.37,0.00,0.00,0.00,0.00,1.000,1.000,0.00,0,255.00,1,14.05,14.24,-0.19,1.131,1.132,2.229,2.184,0.004,0.000,0.009,14.37,15,-0.4056,10242,2929.12,2952.36,1094,105,0
574665,1.141,1.137,1.100,1.100,1.100,1.100,0.000,14.28,0.1428,2.286,0.000,14.28,14.28,0.00,0,0,-1.68867,14.28,14.28,0.00,0,0,14.28,0.00,0.00,0.00,0.00,1.000,1.000,0.00,0,255.00,1,13.92,14.14,-0.23,1.137,1.138,2.213,2.182,0.004,0.000,0.013,14.28,14,0.1986,10242,2929.12,2936.73,1112,110,0
574798,1.142,1.142,1.100,1.100,1.100,1.100,0.000,14.20,0.1420,2.273,0.000,14.20,14.20,0.00,0,0,-1.68373,14.20,14.20,0.00,0,0,14.20,0.00,0.00,0.00,0.00,1.000,1.000,0.00,0,255.00,1,13.80,14.06,-0.26,1.142,1.142,2.198,2.181,0.000,0.000,0.016,14.20,14,0.0771,8162,3675.57,3296.50,1126,113,0
574898,1.148,1.148,1.100,1.100,1.100,1.100,0.000,14.11,0.1411,2.263,0.000,14.11,14.11,0.00,0,0,-1.67955,14.11,14.11,0.00,0,0,14.11,0.00,0.00,0.00,0.00,1.000,1.000,0.00,0,255.00,1,13.68,13.98,-0.29,1.148,1.147,2.186,2.157,-0.000,0.001,0.020,14.11,14,0.4831,7043,4259.55,4746.05,1137,115,0
575030,1.152,1.150,1.100,1.100,1.100,1.100,0.000,14.04,0.1404,2.250,0.000,14.04,14.04,0.00,0,0,-1.67368,14.04,14.04,0.00,0,0,14.04,0.00,0.00,0.00,0.00,1.000,1.000,0.00,0,255.00,1,13.61,13.92,-0.31,1.150,1.149,2.178,2.163,0.002,0.000,0.022,14.04,14,-0.2288,7043,4259.55,4458.82,1147,117,0
575164,1.155,1.155,1.100,1.100,1.100,1.100,0.000,13.95,0.1395,2.235,0.000,13.95,13.95,0.00,0,0,-1.66711,13.95,13.95,0.00,0,0,13.95,0.00,0.00,0.00,0.00,0.997,1.000,0.00,0,255.00,1,13.49,13.83,-0.33,1.155,1.153,2.165,2.151,0.000,0.000,0.025,13.95,14,-0.3495,4322,6941.23,5649.83,1161,119,0
575298,1.162,1.161,1.100,1.100,1.100,1.100,0.000,13.85,0.1385,2.224,0.000,13.85,13.85,0.00,0,0,-1.66180,13.85,13.85,0.00,0,0,13.85,0.00,0.00,0.00,0.00,0.988,1.000,0.00,0,255.00,1,13.37,13.74,-0.37,1.160,1.157,2.154,2.118,0.002,0.000,0.030,13.85,14,0.3033,10418,2879.63,4503.97,1173,119,0
575435,1.165,1.163,1.100,1.100,1.100,1.100,0.000,13.77,0.1377,2.209,0.000,13.77,13.77,0.00,0,0,-1.65451,13.77,13.77,0.00,0,0,13.77,0.00,0.00,0.00,0.00,0.984,1.000,0.00,0,255.00,1,13.29,13.67,-0.38,1.162,1.159,2.146,2.120,0.003,0.000,0.031,13.77,14,-0.4421,8790,3412.97,3736.96,1186,122,0
575565,1.166,1.164,1.100,1.100,1.100,1.100,0.000,13.71,0.1371,2.198,0.000,13.71,13.71,0.00,0,0,-1.64875,13.71,13.71,0.00,0,0,13.71,0.00,0.00,0.00,0.00,0.979,1.000,0.00,0,255.00,1,13.23,13.62,-0.39,1.164,1.159,2.138,2.120,0.002,0.000,0.033,13.71,14,-0.2491,8304,3612.72,3899.37,1198,123,0
575705,1.167,1.167,1.100,1.100,1.100,1.100,0.000,13.58,0.1358,2.185,0.000,13.58,13.58,0.00,0,0,-1.64271,13.58,13.58,0.00,0,0,13.58,0.00,0.00,0.00,0.00,0.971,1.000,0.00,0,255.00,1,13.11,13.51,-0.41,1.166,1.161,2.126,2.100,0.000,0.000,0.034,13.58,14,-0.4442,4651,6450.23,4359.10,1209,125,0
575837,1.172,1.170,1.100,1.100,1.100,1.100,0.000,13.36,0.1336,2.170,0.000,13.36,13.36,0.00,0,0,-1.63654,13.36,13.36,0.00,0,0,13.36,0.00,0.00,0.00,0.00,0.961,1.000,0.00,0,255.00,1,12.93,13.36,-0.42,1.169,1.163,2.113,2.059,0.003,0.000,0.036,13.36,13,-0.0280,3389,8852.17,5618.45,1220,126,0
575973,1.174,1.172,1.100,1.100,1.100,1.100,0.000,13.21,0.1321,2.153,0.000,13.21,13.21,0.00,0,0,-1.63022,13.21,13.21,0.00,0,0,13.21,0.00,0.00,0.00,0.00,0.954,1.000,0.00,0,255.00,1,12.80,13.23,-0.43,1.171,1.164,2.099,2.038,0.003,0.000,0.038,13.21,13,-0.0486,3356,8939.21,9554.13,1235,126,0
576107,1.173,1.173,1.100,1.100,1.100,1.100,0.000,13.10,0.1310,2.128,0.000,13.10,13.10,0.00,0,0,-1.62156,13.10,13.10,0.00,0,0,13.10,0.00,0.00,0.00,0.00,0.951,1.000,0.00,0,255.00,1,12.67,13.11,-0.44,1.171,1.165,2.078,2.035,0.002,0.000,0.038,13.10,14,-0.4102,3318,9041.59,12757.76,1251,126,0
576243,1.168,1.170,1.100,1.100,1.100,1.100,0.000,13.18,0.1318,2.113,0.000,13.18,13.18,0.00,0,0,-1.61510,13.18,13.18,0.00,0,0,13.18,0.00,0.00,0.00,0.00,0.961,1.000,0.00,0,255.00,1,12.71,13.14,-0.42,1.169,1.163,2.071,2.078,-0.001,0.000,0.037,13.18,13,-0.0680,3051,9832.84,10569.97,1262,126,0
576373,1.169,1.170,1.100,1.100,1.100,1.100,0.000,13.14,0.1314,2.103,0.000,13.14,13.14,0.00,0,0,-1.60881,13.14,13.14,0.00,0,0,13.14,0.00,0.00,0.00,0.00,0.962,1.000,0.00,0,255.00,1,12.70,13.12,-0.42,1.169,1.162,2.072,2.074,0.000,0.000,0.036,13.14,13,0.3994,1688,17772.51,12782.58,1274,127,0
576510,1.173,1.171,1.100,1.100,1.100,1.100,0.000,13.04,0.1304,2.095,0.000,13.04,13.04,0.00,0,0,-1.60258,13.04,13.04,0.00,0,0,13.04,0.00,0.00,0.00,0.00,0.959,1.000,0.00,0,255.00,1,12.64,13.06,-0.42,1.169,1.163,2.073,2.046,0.004,0.000,0.036,13.04,13,-0.1723,1688,17772.51,15217.67,1285,128,0
576643,1.173,1.172,1.100,1.100,1.100,1.100,0.000,12.92,0.1292,2.082,0.000,12.92,12.92,0.00,0,0,-1.59416,12.92,12.92,0.00,0,0,12.92,0.00,0.00,0.00,0.00,0.956,1.000,0.00,0,255.00,1,12.54,12.97,-0.43,1.170,1.163,2.063,2.022,0.003,0.000,0.036,12.92,13,-0.0560,1688,17772.51,16726.05,1297,132,0
576783,1.174,1.174,1.100,1.100,1.100,1.100,0.000,12.76,0.1276,2.066,0.000,12.76,12.76,0.00,0,0,-1.58758,12.76,12.76,0.00,0,0,12.76,0.00,0.00,0.00,0.00,0.948,1.000,0.00,0,255.00,1,12.38,12.83,-0.44,1.172,1.164,2.043,1.989,0.002,0.000,0.038,12.76,12,0.3407,3144,9541.98,14273.73,1309,134,0
576913,1.173,1.173,1.100,1.100,1.100,1.100,0.000,12.73,0.1273,2.053,0.000,12.73,12.73,0.00,0,0,-1.58104,12.73,12.73,0.00,0,0,12.73,0.00,0.00,0.00,0.00,0.950,1.000,0.00,0,255.00,1,12.34,12.77,-0.44,1.172,1.164,2.031,1.993,0.002,0.000,0.038,12.73,13,-0.3425,1669,17974.84,15027.47,1323,134,0
577013,1.169,1.171,1.100,1.100,1.100,1.100,0.000,12.83,0.1283,2.046,0.000,12.83,12.83,0.00,0,0,-1.57675,12.83,12.83,0.00,0,0,12.83,0.00,0.00,0.00,0.00,0.960,1.000,0.00,0,255.00,1,12.40,12.82,-0.42,1.169,1.163,2.028,2.030,-0.000,0.000,0.036,12.83,13,0.2320,2942,10197.14,14546.83,1338,134,0
577146,1.168,1.170,1.100,1.100,1.100,1.100,0.000,12.80,0.1280,2.037,0.000,12.80,12.80,0.00,0,0,-1.57035,12.80,12.80,0.00,0,0,12.80,0.00,0.00,0.00,0.00,0.962,1.000,0.00,0,255.00,1,12.38,12.80,-0.42,1.169,1.162,2.024,2.029,-0.000,0.000,0.036,12.80,13,-0.4945,5823,5151.98,10607.93,1351,134,0
577247,1.171,1.170,1.100,1.100,1.100,1.100,0.000,12.77,0.1277,2.034,0.000,12.77,12.77,0.00,0,0,-1.56618,12.77,12.77,0.00,0,0,12.77,0.00,0.00,0.00,0.00,0.962,1.000,0.00,0,255.00,1,12.36,12.78,-0.42,1.168,1.162,2.025,2.020,0.002,0.000,0.035,12.77,13,0.1081,1372,21865.89,12835.31,1363,135,0
577382,1.171,1.171,1.100,1.100,1.100,1.100,0.000,12.64,0.1264,2.024,0.000,12.64,12.64,0.00,0,0,-1.55978,12.64,12.64,0.00,0,0,12.64,0.00,0.00,0.00,0.00,0.957,1.000,0.00,0,255.00,1,12.25,12.68,-0.43,1.170,1.162,2.015,1.986,0.001,0.000,0.035,12.64,13,0.1183,1372,21865.89,17242.23,1372,136,0
577519,1.169,1.170,1.100,1.100,1.100,1.100,0.000,12.63,0.1263,2.016,0.000,12.63,12.63,0.00,0,0,-1.55343,12.63,12.63,0.00,0,0,12.63,0.00,0.00,0.00,0.00,0.960,1.000,0.00,0,255.00,1,12.24,12.66,-0.42,1.169,1.162,2.009,1.993,0.001,0.000,0.035,12.63,13,0.0536,1372,21865.89,19498.58,1383,139,0
577650,1.172,1.171,1.100,1.100,1.100,1.100,0.000,12.55,0.1255,2.010,0.000,12.55,12.55,0.00,0,0,-1.54715,12.55,12.55,0.00,0,0,12.55,0.00,0.00,0.00,0.00,0.958,1.000,0.00,0,255.00,1,12.18,12.60,-0.42,1.169,1.162,2.004,1.972,0.003,0.000,0.035,12.55,13,-0.0704,1733,17311.02,18074.28,1397,141,0
577751,1.168,1.169,1.100,1.100,1.100,1.100,0.000,12.59,0.1259,2.002,0.000,12.59,12.59,0.00,0,0,-1.54083,12.59,12.59,0.00,0,0,12.59,0.00,0.00,0.00,0.00,0.965,1.000,0.00,0,255.00,1,12.19,12.60,-0.41,1.168,1.161,1.997,1.993,0.000,0.000,0.034,12.59,13,-0.4103,2970,10101.01,14133.26,1410,141,0
577886,1.172,1.170,1.100,1.100,1.100,1.100,0.000,12.40,0.1240,1.989,0.000,12.40,12.40,0.00,0,0,-1.52644,12.40,12.40,0.00,0,0,12.40,0.00,0.00,0.00,0.00,0.960,1.000,0.00,0,255.00,1,12.05,12.47,-0.42,1.169,1.161,1.988,1.941,0.003,0.000,0.034,12.40,12,0.4754,6933,4327.13,9294.99,1419,142,0
578020,1.173,1.173,1.100,1.100,1.100,1.100,0.000,12.17,0.1217,1.966,0.000,12.17,12.17,0.00,0,0,-1.51361,12.17,12.17,0.00,0,0,12.17,0.00,0.00,0.00,0.00,0.952,1.000,0.00,0,255.00,1,11.81,12.25,-0.43,1.171,1.163,1.953,1.899,0.002,0.000,0.036,12.17,12,0.1935,2681,11189.85,7545.20,1435,144,0
578149,1.167,1.169,1.100,1.100,1.100,1.100,0.000,12.32,0.1232,1.957,0.000,12.32,12.32,0.00,0,0,-1.50727,12.32,12.32,0.00,0,0,12.32,0.00,0.00,0.00,0.00,0.966,1.000,0.00,0,255.00,1,11.90,12.31,-0.41,1.168,1.161,1.948,1.956,-0.000,0.000,0.035,12.32,12,-0.0634,1650,18181.82,12765.87,1452,144,0
578289,1.166,1.167,1.100,1.100,1.100,1.100,0.000,12.32,0.1232,1.948,0.000,12.32,12.32,0.00,0,0,-1.49696,12.32,12.32,0.00,0,0,12.32,0.00,0.00,0.00,0.00,0.971,1.000,0.00,0,255.00,1,11.90,12.31,-0.40,1.166,1.160,1.946,1.960,-0.000,0.000,0.033,12.32,12,0.2760,1828,16411.38,16053.03,1463,149,0
578418,1.166,1.166,1.100,1.100,1.100,1.100,0.000,12.32,0.1232,1.947,0.000,12.32,12.32,0.00,0,0,-1.48910,12.32,12.32,0.00,0,0,12.32,0.00,0.00,0.00,0.00,0.976,1.000,0.00,0,255.00,1,11.93,12.33,-0.39,1.164,1.158,1.953,1.956,0.002,0.000,0.031,12.32,13,-0.3535,2899,10348.40,14839.42,1474,149,0
578551,1.167,1.165,1.100,1.100,1.100,1.100,0.000,12.23,0.1223,1.941,0.000,12.23,12.23,0.00,0,0,-1.47770,12.23,12.23,0.00,0,0,12.23,0.00,0.00,0.00,0.00,0.979,1.000,0.00,0,255.00,1,11.89,12.28,-0.39,1.163,1.156,1.953,1.928,0.004,0.000,0.029,12.23,12,0.3061,2522,11895.32,15960.23,1486,149,0
578680,1.166,1.164,1.100,1.100,1.100,1.100,0.000,12.16,0.1216,1.935,0.000,12.16,12.16,0.00,0,0,-1.47006,12.16,12.16,0.00,0,0,12.16,0.00,0.00,0.00,0.00,0.980,1.000,0.00,0,255.00,1,11.83,12.21,-0.38,1.163,1.156,1.943,1.916,0.003,0.000,0.029,12.16,12,0.0729,1611,18621.97,17312.88,1501,149,0
578815,1.164,1.164,1.100,1.100,1.100,1.100,0.000,12.08,0.1208,1.925,0.000,12.08,12.08,0.00,0,0,-1.46047,12.08,12.08,0.00,0,0,12.08,0.00,0.00,0.00,0.00,0.982,1.000,0.00,0,255.00,1,11.75,12.13,-0.38,1.162,1.155,1.929,1.906,0.002,0.000,0.028,12.08,12,-0.3547,2251,13327.41,18088.98,1514,149,0
578945,1.163,1.163,1.100,1.100,1.100,1.100,0.000,12.02,0.1202,1.916,0.000,12.02,12.02,0.00,0,0,-1.45279,12.02,12.02,0.00,0,0,12.02,0.00,0.00,0.00,0.00,0.983,1.000,0.00,0,255.00,1,11.68,12.06,-0.38,1.162,1.155,1.917,1.900,0.001,0.000,0.028,12.02,12,-0.1971,2948,10176.39,15179.70,1533,150,0
579083,1.164,1.163,1.100,1.100,1.100,1.100,0.000,11.94,0.1194,1.906,0.000,11.94,11.94,0.00,0,0,-1.44354,11.94,11.94,0.00,0,0,11.94,0.00,0.00,0.00,0.00,0.982,1.000,0.00,0,255.00,1,11.61,11.99,-0.38,1.162,1.155,1.908,1.874,0.002,0.000,0.028,11.94,12,-0.2681,2264,13250.88,16280.10,1546,151,0
579212,1.162,1.160,1.100,1.100,1.100,1.100,0.000,11.87,0.1187,1.894,0.000,11.87,11.87,0.00,0,0,-1.43273,11.87,11.87,0.00,0,0,11.87,0.00,0.00,0.00,0.00,0.990,1.000,0.00,0,255.00,1,11.57,11.93,-0.36,1.159,1.152,1.900,1.877,0.003,0.000,0.025,11.87,12,0.2028,2624,11432.93,14610.71,1558,151,0
579348,1.157,1.157,1.100,1.100,1.100,1.100,0.000,11.81,0.1181,1.882,0.000,11.81,11.81,0.00,0,0,-1.42222,11.81,11.81,0.00,0,0,11.81,0.00,0.00,0.00,0.00,0.995,1.000,0.00,0,255.00,1,11.52,11.86,-0.34,1.156,1.149,1.890,1.877,0.001,0.000,0.022,11.81,12,0.2018,1646,18226.00,17278.28,1574,155,0
579478,1.156,1.156,1.100,1.100,1.100,1.100,0.000,11.72,0.1172,1.869,0.000,11.72,11.72,0.00,0,0,-1.41185,11.72,11.72,0.00,0,0,11.72,0.00,0.00,0.00,0.00,0.996,1.000,0.00,0,255.00,1,11.44,11.78,-0.34,1.155,1.149,1.876,1.863,0.001,0.000,0.022,11.72,12,-0.3045,1124,26690.39,22950.67,1584,157,0
579613,1.155,1.155,1.100,1.100,1.100,1.100,0.000,11.66,0.1166,1.859,0.000,11.66,11.66,0.00,0,0,-1.40343,11.66,11.66,0.00,0,0,11.66,0.00,0.00,0.00,0.00,0.997,1.000,0.00,0,255.00,1,11.38,11.71,-0.33,1.154,1.148,1.865,1.850,0.001,0.000,0.021,11.66,12,0.0997,3012,9960.16,18227.54,1601,159,0
579743,1.157,1.156,1.100,1.100,1.100,1.100,0.000,11.58,0.1158,1.849,0.000,11.58,11.58,0.00,0,0,-1.39527,11.58,11.58,0.00,0,0,11.58,0.00,0.00,0.00,0.00,0.996,1.000,0.00,0,255.00,1,11.31,11.64,-0.33,1.155,1.148,1.855,1.822,0.003,0.000,0.021,11.58,11,0.2186,1824,16447.37,17834.32,1616,159,0
579878,1.155,1.153,1.100,1.100,1.100,1.100,0.000,11.49,0.1149,1.834,0.000,11.49,11.49,0.00,0,0,-1.38265,11.49,11.49,0.00,0,0,11.49,0.00,0.00,0.00,0.00,0.999,1.000,0.00,0,255.00,1,11.24,11.56,-0.32,1.152,1.146,1.842,1.811,0.004,0.000,0.020,11.49,12,-0.3961,1655,18126.89,16157.66,1632,159,0
580008,1.152,1.151,1.160,1.100,1.160,1.100,0.000,11.43,0.1143,1.823,0.000,11.43,11.43,0.00,0,0,-1.37344,11.43,11.43,0.00,0,0,11.43,0.00,0.00,0.00,0.00,1.000,1.000,0.00,0,255.00,1,11.19,11.49,-0.31,1.150,1.144,1.830,1.809,0.002,0.000,0.018,11.43,11,0.3985,1701,17636.68,14111.53,1651,159,0
580138,1.145,1.148,1.164,1.118,1.164,1.118,0.217,11.60,0.1160,1.822,0.000,11.60,11.60,0.00,0,0,-1.37001,11.60,11.60,0.00,0,0,11.60,0.00,0.00,0.00,0.00,1.000,1.000,0.00,0,255.00,1,12.30,12.46,-0.15,1.150,1.162,1.831,1.856,-0.005,-0.000,0.008,11.60,12,-0.0093,3969,7558.58,12338.50,1665,159,0
580270,1.145,1.147,1.170,1.135,1.170,1.135,0.171,11.75,0.1175,1.827,0.000,11.75,11.75,0.00,0,0,-1.36838,11.75,11.75,0.00,0,0,11.75,0.00,0.00,0.00,0.00,1.000,1.000,0.00,0,255.00,1,12.34,12.39,-0.05,1.149,1.159,1.841,1.880,-0.004,-0.000,0.004,11.75,12,0.0654,3969,7558.58,10005.90,1681,161,0
580404,1.146,1.146,1.192,1.150,1.192,1.150,0.149,11.88,0.1188,1.837,0.000,11.88,11.88,0.00,0,0,-1.36828,11.88,11.88,0.00,0,0,11.88,0.00,0.00,0.00,0.00,1.000,1.000,0.00,0,255.00,1,12.46,12.42,0.04,1.148,1.159,1.855,1.892,-0.003,-0.000,0.005,11.88,12,-0.4106,1755,17094.02,12817.90,1695,162,0
580538,1.144,1.144,1.208,1.164,1.208,1.164,0.142,12.05,0.1205,1.850,0.000,12.05,12.05,0.00,0,0,-1.36966,12.05,12.05,0.00,0,0,12.05,0.00,0.00,0.00,0.00,1.000,1.000,0.00,0,255.00,1,12.69,12.55,0.14,1.146,1.157,1.875,1.925,-0.002,-0.000,0.012,12.05,12,-0.4172,1639,18303.84,14397.25,1711,162,0
580670,1.144,1.145,1.227,1.180,1.227,1.180,0.207,12.21,0.1221,1.866,0.000,12.21,12.21,0.00,0,0,-1.37231,12.21,12.21,0.00,0,0,12.21,0.00,0.00,0.00,0.00,1.000,1.000,0.00,0,255.00,1,13.18,12.95,0.23,1.148,1.165,1.890,1.937,-0.003,-0.001,0.029,12.21,12,0.0211,1131,26525.20,19263.36,1721,163,0
580802,1.146,1.147,1.274,1.203,1.274,1.203,0.232,12.44,0.1244,1.886,0.000,12.44,12.44,0.00,0,0,-1.37669,12.44,12.44,0.00,0,0,12.44,0.00,0.00,0.00,0.00,1.000,1.000,0.00,1,60.00,1,13.59,13.23,0.36,1.151,1.172,1.905,1.956,-0.005,-0.001,0.052,12.44,12,0.0896,2624,11432.93,16327.32,1741,163,0
580934,1.150,1.149,1.302,1.229,1.302,1.229,0.325,12.95,0.1295,1.914,0.000,12.95,12.95,0.00,0,0,-1.38311,12.95,12.95,0.00,0,0,12.95,0.00,0.00,0.00,0.00,1.000,1.000,0.00,1,60.00,1,14.48,13.97,0.51,1.156,1.187,1.930,2.024,-0.004,-0.001,0.099,12.95,13,0.1765,1702,17626.32,16961.23,1753,165,0
581070,1.157,1.154,1.334,1.260,1.334,1.260,0.360,14.28,0.1428,1.980,0.000,14.28,14.28,0.00,0,0,-1.39196,14.28,14.28,0.00,0,0,14.28,0.00,0.00,0.00,0.00,1.000,1.000,0.00,1,60.00,1,15.73,15.06,0.67,1.162,1.204,1.999,2.211,-0.005,-0.002,0.134,14.28,14,-0.2154,3090,9708.74,15702.28,1764,168,0
581201,1.167,1.162,1.406,1.296,1.406,1.296,0.362,15.56,0.1556,2.078,0.000,15.56,15.56,0.00,0,0,-1.40330,15.56,15.56,0.00,0,0,15.56,0.00,0.00,0.00,0.00,1.000,1.000,0.00,1,60.00,1,16.90,16.07,0.83,1.172,1.220,2.097,2.370,-0.005,-0.002,0.177,15.56,15,0.3470,1126,26642.98,16898.34,1781,168,0
581337,1.190,1.181,1.447,1.336,1.447,1.336,0.494,16.53,0.1653,2.193,0.000,16.53,16.53,0.00,0,0,-1.41670,16.53,16.53,0.00,0,0,16.53,0.00,0.00,0.00,0.00,1.000,1.000,0.00,1,60.00,1,18.41,17.44,0.97,1.194,1.255,2.193,2.429,-0.001,-0.003,0.262,16.53,16,0.0870,1126,26642.98,21653.72,1793,170,0
581466,1.220,1.211,1.491,1.383,1.491,1.383,0.529,17.25,0.1725,2.306,0.000,17.25,17.25,0.00,0,0,-1.43162,17.25,17.25,0.00,0,0,17.25,0.00,0.00,0.01,0.00,1.000,1.000,0.00,1,60.00,1,19.26,18.19,1.06,1.225,1.293,2.257,2.416,-0.005,-0.003,0.311,17.25,17,0.0537,1126,26642.98,24088.48,1804,173,0
581602,1.266,1.253,1.588,1.434,1.588,1.434,0.518,17.66,0.1766,2.412,0.000,17.66,17.66,0.00,0,0,-1.44780,17.66,17.66,0.00,0,0,17.66,0.00,0.01,0.01,0.01,1.000,1.001,0.01,1,60.00,1,19.62,18.50,1.12,1.267,1.338,2.288,2.329,-0.000,-0.002,0.326,17.66,18,-0.2175,1126,26642.98,25335.08,1820,176,0
581731,1.306,1.292,1.641,1.490,1.641,1.490,0.678,18.34,0.1834,2.512,0.000,18.34,18.34,0.00,0,0,-1.46522,18.34,18.34,0.00,0,0,18.32,0.00,0.02,0.04,0.02,1.000,1.003,0.02,1,60.00,1,20.85,19.63,1.23,1.310,1.399,2.308,2.348,-0.001,-0.002,0.424,18.34,18,0.2252,2570,11673.15,20457.67,1838,177,0
581869,1.349,1.335,1.698,1.553,1.698,1.553,0.710,19.14,0.1914,2.613,0.000,19.14,19.14,0.00,0,0,-1.48423,19.14,19.14,0.00,0,0,19.10,0.00,0.04,0.07,0.03,1.000,1.005,0.04,1,60.00,1,21.66,20.31,1.35,1.355,1.453,2.329,2.400,-0.004,-0.002,0.482,19.14,19,-0.2097,2941,10200.61,14888.13,1851,177,0
581998,1.394,1.383,1.820,1.621,1.820,1.621,0.685,19.93,0.1993,2.717,0.000,19.93,19.93,0.00,0,0,-1.50515,19.93,19.93,0.00,0,0,19.86,0.00,0.07,0.11,0.05,1.000,1.007,0.07,1,60.00,1,22.24,20.78,1.46,1.403,1.505,2.357,2.447,-0.009,-0.003,0.522,19.93,20,-0.1565,2994,10020.04,11127.51,1861,177,0
582132,1.448,1.435,1.885,1.694,1.885,1.694,0.866,20.71,0.2071,2.821,0.000,20.71,20.71,0.00,0,0,-1.52771,20.71,20.71,0.00,0,0,20.60,0.00,0.11,0.20,0.07,1.000,1.011,0.11,1,60.00,1,23.70,22.11,1.59,1.459,1.579,2.387,2.489,-0.008,-0.003,0.676,20.71,21,0.0552,2420,12396.69,10352.88,1874,178,0
582263,1.523,1.503,1.955,1.773,1.955,1.773,0.893,21.20,0.2120,2.918,0.000,21.20,21.20,0.00,0,0,-1.55163,21.20,21.20,0.00,0,0,21.02,0.00,0.18,0.29,0.10,1.000,1.016,0.18,1,60.00,1,24.25,22.59,1.66,1.528,1.655,2.397,2.406,-0.004,-0.003,0.722,21.20,21,0.0720,2119,14157.62,11382.55,1893,178,0
582399,1.580,1.563,2.103,1.858,2.103,1.858,0.854,22.16,0.2216,3.021,0.000,22.16,22.16,0.00,0,0,-1.57765,22.16,22.16,0.00,0,0,21.88,0.00,0.27,0.38,0.14,1.000,1.022,0.27,1,60.00,1,24.90,23.10,1.80,1.589,1.719,2.422,2.499,-0.009,-0.003,0.777,22.16,22,-0.1892,1649,18192.84,14270.78,1908,178,0
582530,1.664,1.640,2.181,1.947,2.181,1.947,1.061,22.70,0.2270,3.116,0.000,22.70,22.70,0.00,0,0,-1.60481,22.70,22.70,0.00,0,0,22.30,0.00,0.40,0.63,0.18,1.000,1.029,0.40,1,60.00,1,26.26,24.37,1.89,1.671,1.820,2.428,2.433,-0.001,-0.003,0.941,22.70,22,0.2391,1649,18192.84,16184.75,1923,181,0
582663,1.739,1.718,2.263,2.035,2.263,2.035,1.033,23.21,0.2321,3.201,0.000,23.21,23.21,0.00,0,0,-1.63286,23.21,23.21,0.00,0,0,22.68,0.00,0.53,0.78,0.22,1.000,1.036,0.53,1,60.00,1,26.53,24.59,1.94,1.749,1.901,2.418,2.413,-0.006,-0.003,0.943,23.21,23,0.1911,8969,3344.85,10998.53,1937,182,0
582796,1.811,1.793,2.435,2.130,2.435,2.130,1.070,24.14,0.2414,3.286,0.000,24.14,24.14,0.00,0,0,-1.66217,24.14,24.14,0.00,0,0,23.42,0.00,0.72,1.01,0.28,1.000,1.044,0.72,1,60.00,1,27.43,25.37,2.06,1.825,1.986,2.422,2.516,-0.013,-0.004,1.037,24.14,24,0.2043,8969,3344.85,7263.54,1950,184,0
582929,1.918,1.889,2.526,2.240,2.526,2.240,1.302,24.96,0.2496,3.380,0.000,24.96,24.96,0.00,0,0,-1.69334,24.96,24.96,0.00,0,0,23.94,0.00,1.02,1.54,0.34,1.000,1.054,1.02,1,60.00,1,29.14,26.98,2.16,1.926,2.111,2.435,2.452,-0.003,-0.003,1.244,24.96,25,0.1852,4873,6156.37,5972.21,1963,186,0
583061,2.010,1.980,2.621,2.358,2.621,2.358,1.298,26.21,0.2621,3.487,0.000,26.21,26.21,0.00,0,0,-1.72677,26.21,26.21,0.00,0,0,24.84,0.00,1.37,1.89,0.41,1.000,1.066,1.37,1,60.00,1,30.19,27.88,2.31,2.019,2.210,2.466,2.538,-0.007,-0.004,1.341,26.21,26,-0.2375,10354,2897.43,4471.72,1974,187,0
583200,2.144,2.109,2.818,2.468,2.818,2.468,1.226,26.14,0.2614,3.568,0.000,26.14,26.14,0.00,0,0,-1.75952,26.14,26.14,0.00,0,0,24.46,0.00,1.68,2.13,0.48,1.000,1.077,1.68,1,60.00,1,29.66,27.48,2.18,2.148,2.337,2.414,2.216,-0.001,-0.003,1.150,26.14,26,0.0962,3061,9800.72,6032.21,1990,189,0
583330,2.249,2.219,2.922,2.595,2.922,2.595,1.493,27.30,0.2730,3.649,0.000,27.30,27.30,0.00,0,0,-1.79282,27.30,27.30,0.00,0,0,25.12,0.00,2.18,3.08,0.56,1.000,1.089,2.18,1,60.00,1,31.63,29.33,2.30,2.263,2.480,2.374,2.310,-0.008,-0.003,1.381,27.30,28,-0.2257,4737,6333.12,6373.65,2008,189,0
583464,2.388,2.352,3.028,2.728,3.028,2.728,1.478,28.11,0.2811,3.732,0.000,28.11,28.11,0.00,0,0,-1.82656,28.11,28.11,0.00,0,0,25.35,0.00,2.77,3.58,0.64,1.000,1.103,2.77,1,60.00,1,32.02,29.73,2.29,2.398,2.622,2.329,2.211,-0.007,-0.002,1.295,28.11,28,0.1603,7902,3796.51,5417.91,2021,190,0
583600,2.516,2.478,3.251,2.854,3.251,2.854,1.398,28.81,0.2881,3.812,0.000,28.81,28.81,0.00,0,0,-1.86055,28.81,28.81,0.00,0,0,25.60,0.00,3.21,3.86,0.72,1.000,1.114,3.21,1,60.00,1,32.07,29.80,2.28,2.524,2.746,2.297,2.203,-0.005,-0.003,1.187,28.81,29,-0.0325,12277,2443.59,4139.61,2037,192,0
583731,2.685,2.636,3.367,2.997,3.367,2.997,1.687,29.45,0.2945,3.879,0.000,29.45,29.45,0.00,0,0,-1.89331,29.45,29.45,0.00,0,0,25.49,0.00,3.96,5.30,0.79,1.000,1.127,3.96,1,60.00,1,33.63,31.42,2.20,2.687,2.939,2.222,2.010,0.007,-0.002,1.254,29.45,29,0.4211,6988,4293.07,4214.11,2055,193,0
583859,2.830,2.789,3.487,3.136,3.487,3.136,1.602,29.94,0.2994,3.936,0.000,29.94,29.94,0.00,0,0,-1.92485,29.94,29.94,0.00,0,0,25.41,0.00,4.53,5.57,0.86,1.000,1.138,4.53,1,60.00,1,33.28,31.18,2.10,2.840,3.092,2.135,1.920,-0.002,-0.001,1.037,29.94,30,-0.3875,5970,5025.13,4516.18,2068,195,0
583992,2.981,2.938,3.734,3.281,3.734,3.281,1.616,30.84,0.3084,3.993,0.000,30.84,30.84,0.00,0,0,-1.95578,30.84,30.84,0.00,0,0,25.64,0.00,5.20,6.14,0.92,1.000,1.147,5.20,1,60.00,1,33.80,31.74,2.07,2.991,3.249,2.075,1.942,-0.006,-0.001,0.965,30.84,31,0.1345,4124,7274.49,6312.94,2084,196,0
584124,3.178,3.116,3.863,3.432,3.863,3.432,1.526,31.20,0.3120,4.046,0.000,31.20,31.20,0.00,0,0,-1.98542,31.20,31.20,0.00,0,0,25.33,0.00,5.87,6.21,0.97,1.000,1.154,5.87,1,60.00,1,33.34,31.45,1.89,3.168,3.424,2.000,1.713,0.012,-0.001,0.741,31.20,31,-0.0314,2316,12953.37,8184.85,2102,197,0
584254,3.346,3.294,3.994,3.588,3.994,3.588,1.847,31.71,0.3171,4.078,0.000,31.71,31.71,0.00,0,0,-2.01260,31.71,31.71,0.00,0,0,25.17,0.00,6.55,7.88,0.99,1.000,1.159,6.55,1,60.00,1,34.91,33.13,1.78,3.352,3.636,1.891,1.593,0.003,0.000,0.781,31.71,32,-0.4680,2208,13586.96,11340.63,2119,198,0
584393,3.494,3.452,4.268,3.755,4.268,3.755,1.848,33.02,0.3302,4.114,0.000,33.02,33.02,0.00,0,0,-2.03882,33.02,33.02,0.00,0,0,25.78,0.00,7.24,8.07,1.00,1.000,1.160,7.24,1,60.00,1,35.66,33.84,1.82,3.512,3.803,1.817,1.774,-0.015,-0.001,0.752,33.02,33,-0.3940,2207,13593.11,13770.93,2138,199,0
584521,3.696,3.641,4.409,3.927,4.409,3.927,1.727,33.50,0.3350,4.159,0.000,33.50,33.50,0.00,0,0,-2.06542,33.50,33.50,0.00,0,0,25.84,0.00,7.66,7.67,1.00,1.000,1.160,7.66,1,60.00,1,35.30,33.59,1.71,3.699,3.982,1.773,1.596,-0.000,-0.000,0.597,33.50,33,0.1512,4422,6784.26,12383.16,2155,200,0
584655,3.864,3.837,4.553,4.144,4.553,4.144,1.857,34.87,0.3487,4.197,0.000,34.87,34.87,0.00,0,0,-2.09917,34.87,34.87,0.00,0,0,26.98,0.00,7.90,8.42,1.00,1.000,1.160,7.90,1,60.00,1,37.03,35.18,1.85,3.897,4.190,1.728,1.964,-0.026,-0.002,0.744,34.87,35,-0.0566,1233,24330.90,18801.90,2176,200,0
584785,4.082,4.030,4.701,4.314,4.701,4.314,1.902,35.05,0.3505,4.227,0.000,35.05,35.05,0.00,0,0,-2.12524,35.05,35.05,0.00,0,0,26.94,0.00,8.11,8.50,1.00,1.000,1.160,8.11,1,60.00,1,37.50,35.79,1.71,4.091,4.385,1.729,1.664,-0.005,-0.001,0.673,35.05,35,-0.3066,2202,13623.98,17625.94,2193,201,0
584924,4.261,4.219,5.005,4.508,5.005,4.508,2.274,35.93,0.3593,4.242,0.000,35.93,35.93,0.00,0,0,-2.14981,35.93,35.93,0.00,0,0,27.65,0.00,8.29,8.50,1.00,1.000,1.160,8.29,1,60.00,1,40.10,38.33,1.77,4.286,4.611,1.659,1.622,-0.017,-0.001,0.927,35.93,36,-0.4118,1334,22488.76,19535.53,2211,201,0
585056,4.111,4.109,5.160,4.693,5.160,4.693,2.136,43.55,0.4355,4.448,0.000,43.55,43.55,0.00,0,0,-2.19632,43.55,43.55,0.00,0,0,35.16,0.00,8.39,8.50,1.00,1.000,1.160,8.39,1,60.00,1,48.20,44.64,3.56,4.172,4.475,2.302,4.285,-0.059,-0.014,3.088,43.55,44,-0.1499,1334,22488.76,20976.70,2226,204,0
585194,4.046,4.092,5.465,4.885,5.465,4.885,2.122,49.00,0.4900,4.739,0.000,49.00,49.00,0.00,0,0,-2.25817,49.00,49.00,0.00,0,0,40.56,0.00,8.44,8.50,1.00,1.000,1.160,8.44,1,60.00,1,55.82,50.96,4.86,4.152,4.439,3.051,5.604,-0.113,-0.021,5.875,49.00,49,0.1016,2031,14771.05,20130.13,2249,205,0
585323,4.867,4.589,5.613,5.079,5.613,5.079,1.953,46.89,0.4371,4.983,0.000,43.71,46.89,-3.18,0,1,-2.31934,43.71,43.71,0.00,0,0,35.25,0.00,8.47,8.50,1.00,1.000,1.160,8.47,1,60.00,1,53.06,50.07,2.99,4.648,4.930,3.228,1.821,0.248,-0.004,2.423,46.89,46,0.4327,2568,11682.24,16483.37,2272,205,0
585457,5.706,5.483,5.757,5.272,5.757,5.272,2.232,33.30,0.3330,4.792,0.000,33.30,33.30,0.00,0,0,-2.32081,33.30,33.30,0.00,0,0,26.37,0.00,6.93,0.08,1.00,0.007,1.160,6.93,0,255.00,1,39.52,40.81,-1.29,5.550,5.876,2.282,0.000,0.181,0.027,0.806,33.30,33,0.2667,1650,18181.82,17312.21,2293,207,0
585590,5.666,5.729,6.036,5.467,6.036,5.467,2.133,29.71,0.2971,4.361,0.000,29.71,29.71,0.00,0,0,-2.28960,29.71,29.71,0.00,0,0,25.95,0.00,3.76,0.00,1.00,0.000,1.160,3.76,0,255.00,1,34.29,35.90,-1.60,5.795,6.113,1.614,0.000,-0.138,0.024,0.807,29.71,29,0.2122,4202,7139.46,14208.39,2313,208,0
585725,5.114,5.259,6.170,5.670,6.170,5.670,2.321,40.70,0.4070,4.260,0.000,40.70,40.70,0.00,0,0,-2.30514,40.70,40.70,0.00,0,0,34.77,0.00,5.93,8.50,1.00,1.000,1.160,5.93,1,60.00,1,46.72,44.18,2.54,5.322,5.628,1.759,3.939,-0.222,-0.007,2.012,40.70,40,0.2627,2423,12381.35,13316.79,2329,209,0
585854,4.961,4.972,6.302,5.869,6.302,5.869,2.147,53.20,0.5320,4.579,0.000,53.20,53.20,0.00,0,0,-2.35670,53.20,53.20,0.00,0,0,46.10,0.00,7.10,8.50,1.00,1.000,1.160,7.10,1,60.00,1,62.17,57.17,5.00,5.024,5.276,3.258,7.303,-0.071,-0.026,8.224,53.20,53,-0.2519,2423,12381.35,12860.29,2343,212,0
585993,6.376,5.999,6.556,6.045,6.556,6.045,1.912,42.18,0.4032,4.673,0.000,40.32,42.18,-1.85,0,1,-2.39359,40.32,40.32,0.00,0,0,32.58,0.00,7.74,8.50,1.00,1.000,1.160,7.74,0,255.00,1,49.12,48.84,0.29,6.056,6.326,2.959,0.000,0.357,0.015,0.605,42.18,42,0.3758,3112,9640.10,11649.19,2361,214,0
586123,7.156,6.991,6.677,6.228,6.677,6.228,2.085,21.77,0.2177,4.153,0.000,21.77,21.77,0.00,0,0,-2.37070,21.77,21.77,0.00,0,0,17.57,0.00,4.20,0.00,1.00,0.000,1.160,4.20,0,255.00,1,30.67,35.29,-4.62,7.051,7.345,2.092,0.000,0.122,0.047,5.444,21.77,22,-0.4537,4417,6791.94,9271.24,2378,214,0
586259,6.410,6.572,6.797,6.394,6.797,6.394,1.867,33.00,0.3300,3.778,0.000,33.00,33.00,0.00,0,0,-2.33202,33.00,33.00,0.00,0,0,30.42,0.00,2.58,1.62,1.00,0.149,1.160,2.58,0,255.00,1,36.64,37.73,-1.08,6.628,6.900,1.506,0.247,-0.233,0.016,0.402,33.00,33,-0.2840,3152,9517.77,8722.08,2389,214,0
586392,5.888,6.008,7.026,6.556,7.026,6.556,1.767,46.60,0.4660,3.864,0.000,46.60,46.60,0.00,0,0,-2.36332,46.60,46.60,0.00,0,0,41.31,0.00,5.29,8.50,1.00,1.000,1.160,5.29,1,60.00,1,53.25,49.86,3.39,6.050,6.254,2.520,6.371,-0.179,-0.017,3.383,46.60,47,-0.0486,4585,6543.08,7383.85,2401,214,0
586528,6.155,6.021,7.136,6.724,7.136,6.724,1.915,52.61,0.5261,4.205,0.000,52.61,52.61,0.00,0,0,-2.40822,52.61,52.61,0.00,0,0,45.85,0.00,6.76,8.50,1.00,1.000,1.160,6.76,1,60.00,1,65.65,61.26,4.39,6.059,6.242,3.838,5.833,0.110,-0.019,7.008,52.61,52,0.3278,5855,5123.83,6753.87,2423,215,0
586656,7.565,7.182,7.242,6.887,7.242,6.887,1.760,41.36,0.3824,4.213,0.000,38.24,41.36,-3.12,0,1,-2.42567,38.24,38.24,0.00,0,0,32.25,0.00,5.99,0.00,1.00,0.000,1.160,5.99,0,255.00,1,48.77,50.55,-1.78,7.234,7.488,3.022,0.000,0.370,0.028,1.324,41.36,41,0.4998,2726,11005.14,8368.32,2448,216,0
586794,8.044,7.987,7.446,7.031,7.446,7.031,1.560,18.59,0.1859,3.686,0.000,18.59,18.59,0.00,0,0,-2.39700,18.59,18.59,0.00,0,0,15.34,0.00,3.25,0.00,1.00,0.000,1.160,3.25,0,255.00,1,27.56,32.56,-5.00,8.037,8.283,2.136,0.000,0.005,0.051,8.448,18.59,19,-0.1448,5965,5029.34,6738.90,2468,217,0
586923,7.328,7.507,7.543,7.180,7.543,7.180,1.689,32.79,0.3352,3.329,0.000,33.52,32.79,0.72,1,0,-2.34489,33.52,33.52,0.00,0,0,31.75,0.00,1.76,0.00,1.00,0.000,1.160,1.76,0,255.00,1,36.83,38.80,-1.97,7.555,7.788,1.569,0.540,-0.243,0.017,0.978,32.79,33,0.1399,5965,5029.34,5904.63,2487,220,0
587057,6.657,6.856,7.638,7.324,7.638,7.324,1.558,47.59,0.4759,3.433,0.000,47.59,47.59,0.00,0,0,-2.36432,47.59,47.59,0.00,0,0,42.74,0.00,4.84,8.50,0.99,1.000,1.158,4.84,0,255.00,1,55.22,52.28,2.94,6.886,7.031,2.665,7.033,-0.256,-0.018,3.039,47.59,47,0.2135,4015,7471.98,6502.11,2505,222,0
587190,6.729,6.664,7.816,7.451,7.816,7.451,1.374,57.72,0.5772,3.838,0.000,57.72,57.72,0.00,0,0,-2.43222,57.72,57.72,0.00,0,0,51.20,0.00,6.52,8.50,0.95,1.000,1.152,6.52,0,255.00,1,71.04,66.13,4.91,6.684,6.775,4.342,7.900,0.048,-0.027,8.337,57.72,57,0.2218,3224,9305.21,6649.49,2521,222,0
587320,8.411,7.996,7.901,7.582,7.901,7.582,1.485,39.58,0.3958,3.794,0.000,39.58,39.58,0.00,0,0,-2.43096,39.58,39.58,0.00,0,0,33.73,0.00,5.85,0.00,0.88,0.000,1.141,5.85,0,255.00,1,49.62,52.10,-2.48,8.035,8.224,3.343,0.000,0.426,0.031,2.418,39.58,40,-0.3855,2033,14756.52,8258.17,2543,222,0
587449,8.499,8.554,7.982,7.699,7.982,7.699,1.315,24.55,0.2455,3.333,0.000,24.55,24.55,0.00,0,0,-2.40532,24.55,24.55,0.00,0,0,21.38,0.00,3.17,0.00,0.81,0.000,1.130,3.17,0,255.00,1,32.45,37.45,-5.00,8.595,8.798,2.363,0.000,-0.104,0.044,6.670,24.55,24,0.3830,2913,10298.66,10835.87,2565,222,0
587583,7.779,7.955,8.136,7.812,8.136,7.812,1.228,39.86,0.3986,3.155,0.000,39.86,39.86,0.00,0,0,-2.36950,39.86,39.86,0.00,0,0,37.65,0.00,2.21,2.64,0.73,0.430,1.117,2.21,0,255.00,1,42.62,43.47,-0.85,7.989,8.154,2.001,2.648,-0.232,0.008,0.225,39.86,39,0.4693,2662,11269.72,11968.14,2577,222,0
587716,7.238,7.368,8.208,7.921,8.208,7.921,1.089,51.99,0.5199,3.343,0.000,51.99,51.99,0.00,0,0,-2.40187,51.99,51.99,0.00,0,0,48.27,0.00,3.72,4.85,0.65,1.000,1.104,3.72,0,255.00,1,60.72,57.25,3.47,7.383,7.452,3.338,7.665,-0.164,-0.022,4.098,51.99,52,-0.4227,5831,5144.92,9422.38,2593,224,0
587846,7.773,7.554,8.277,8.024,8.277,8.024,1.173,52.17,0.5217,3.637,0.000,52.17,52.17,0.00,0,0,-2.45947,52.17,52.17,0.00,0,0,48.03,0.00,4.14,4.56,0.56,1.000,1.090,4.14,0,255.00,1,67.60,64.61,2.99,7.566,7.622,4.354,4.581,0.232,-0.012,5.452,52.17,52,0.4256,5432,5522.83,8078.91,2610,225,0
587981,8.992,8.709,8.342,8.124,8.342,8.124,1.080,35.31,0.3531,3.481,0.000,35.31,35.31,0.00,0,0,-2.43758,35.31,35.31,0.00,0,0,32.56,0.00,2.74,0.00,0.48,0.000,1.077,2.74,0,255.00,1,44.63,48.17,-3.54,8.741,8.895,3.210,0.000,0.284,0.037,3.735,35.31,35,0.2542,1705,17595.31,10491.90,2630,225,0
588110,8.428,8.621,8.465,8.219,8.465,8.219,0.944,37.84,0.3784,3.194,0.000,37.84,37.84,0.00,0,0,-2.38598,37.84,37.84,0.00,0,0,36.36,0.00,1.49,0.00,0.40,0.000,1.064,1.49,0,255.00,1,40.55,43.01,-2.46,8.654,8.817,2.269,0.000,-0.248,0.023,1.504,37.84,38,0.1533,2203,13617.79,11380.89,2650,225,0
588246,7.800,7.979,8.520,8.307,8.520,8.307,0.994,48.79,0.4879,3.225,0.000,48.79,48.79,0.00,0,0,-2.39360,48.79,48.79,0.00,0,0,47.16,0.00,1.63,2.30,0.33,1.000,1.053,1.63,0,255.00,1,55.02,52.97,2.05,7.998,8.087,2.774,5.791,-0.221,-0.011,1.603,48.79,48,0.4923,4035,7434.94,10257.02,2664,226,0
588380,7.923,7.792,8.624,8.391,8.624,8.391,0.907,54.73,0.5473,3.487,0.000,54.73,54.73,0.00,0,0,-2.45081,54.73,54.73,0.00,0,0,52.99,0.00,1.74,1.69,0.27,1.000,1.043,1.74,0,255.00,1,68.10,64.35,3.76,7.799,7.831,4.111,6.278,0.135,-0.019,5.901,54.73,55,-0.4446,4035,7434.94,8879.85,2685,229,0
588514,9.042,8.767,8.671,8.470,8.671,8.470,0.782,42.10,0.4210,3.436,0.000,42.10,42.10,0.00,0,0,-2.45297,42.10,42.10,0.00,0,0,40.75,0.00,1.36,0.00,0.21,0.000,1.033,1.36,0,255.00,1,49.28,51.08,-1.81,8.792,8.911,3.235,0.000,0.283,0.024,1.339,42.10,42,-0.2675,4186,7166.75,8043.42,2706,230,0
588644,8.805,8.867,8.715,8.542,8.715,8.542,0.809,40.83,0.4083,3.236,0.000,40.83,40.83,0.00,0,0,-2.41818,40.83,40.83,0.00,0,0,40.10,0.00,0.74,0.00,0.16,0.000,1.026,0.74,0,255.00,1,42.78,44.79,-2.02,8.899,9.053,2.287,0.000,-0.099,0.021,1.048,40.83,41,0.0075,5624,5334.28,6947.88,2724,231,0
588777,8.030,8.214,8.755,8.610,8.755,8.610,0.724,51.52,0.5152,3.274,0.000,51.52,51.52,0.00,0,0,-2.43170,51.52,51.52,0.00,0,0,50.83,0.00,0.69,0.62,0.12,1.000,1.018,0.69,0,255.00,1,55.90,53.46,2.44,8.228,8.297,2.789,5.864,-0.224,-0.013,1.693,51.52,52,-0.1016,7065,4246.28,5868.23,2739,232,0
588907,8.418,8.286,8.828,8.672,8.828,8.672,0.616,52.55,0.5255,3.425,0.000,52.55,52.55,0.00,0,0,-2.47494,52.55,52.55,0.00,0,0,51.96,0.00,0.59,0.39,0.09,1.000,1.011,0.59,0,255.00,1,61.07,58.67,2.40,8.294,8.332,3.592,4.298,0.138,-0.009,2.351,52.55,52,0.2090,4334,6922.01,6657.81,2756,232,0
589040,9.074,8.938,8.859,8.727,8.859,8.727,0.620,44.56,0.4456,3.345,0.000,44.56,44.56,0.00,0,0,-2.46976,44.56,44.56,0.00,0,0,44.15,0.00,0.41,0.00,0.06,0.008,1.008,0.41,0,255.00,1,47.20,48.52,-1.32,8.963,9.085,2.691,0.000,0.129,0.018,0.530,44.56,45,-0.3410,5709,5254.86,5597.21,2775,233,0
589171,8.784,8.855,8.887,8.775,8.887,8.775,0.526,46.41,0.4641,3.240,0.000,46.41,46.41,0.00,0,0,-2.45448,46.41,46.41,0.00,0,0,46.16,0.00,0.25,0.15,0.04,0.917,1.004,0.25,0,255.00,1,44.35,44.89,-0.54,8.881,9.002,2.108,1.519,-0.105,0.008,0.162,46.41,47,-0.1953,1695,17699.12,10692.55,2797,233,0
589271,8.561,8.638,8.912,8.805,8.912,8.805,0.504,50.20,0.5020,3.255,0.000,50.20,50.20,0.00,0,0,-2.46153,50.20,50.20,0.00,0,0,49.99,0.00,0.21,0.12,0.03,1.000,1.003,0.21,0,255.00,1,49.69,48.69,1.00,8.655,8.739,2.375,3.791,-0.105,-0.004,0.207,50.20,51,-0.3487,5316,5643.34,9803.26,2809,234,0
589401,8.804,8.718,8.953,8.849,8.953,8.849,0.434,50.31,0.5031,3.298,0.000,50.31,50.31,0.00,0,0,-2.47836,50.31,50.31,0.00,0,0,50.16,0.00,0.15,0.06,0.02,1.000,1.001,0.15,0,255.00,1,51.45,50.66,0.79,8.732,8.797,2.725,2.948,0.081,-0.002,0.150,50.31,50,0.3081,4473,6706.91,7625.47,2828,235,0
589534,9.009,8.958,8.968,8.884,8.968,8.884,0.351,47.63,0.4763,3.259,0.000,47.63,47.63,0.00,0,0,-2.47705,47.63,47.63,0.00,0,0,47.53,0.00,0.10,0.03,0.01,0.948,1.000,0.10,0,255.00,1,45.93,46.41,-0.49,8.976,9.062,2.420,1.325,0.039,0.007,0.120,47.63,48,-0.3476,5694,5268.70,6475.37,2850,236,0
589662,8.904,8.931,8.981,8.915,8.981,8.915,0.328,48.60,0.4860,3.215,0.000,48.60,48.60,0.00,0,0,-2.47251,48.60,48.60,0.00,0,0,48.54,0.00,0.06,0.02,0.01,1.000,1.000,0.06,0,255.00,1,45.66,45.79,-0.13,8.947,9.027,2.269,2.320,-0.048,0.002,0.119,48.60,49,-0.2356,3123,9606.15,7016.52,2870,237,0
589798,8.832,8.844,8.997,8.941,8.997,8.941,0.251,50.49,0.5049,3.225,0.000,50.49,50.49,0.00,0,0,-2.47880,50.49,50.49,0.00,0,0,50.46,0.00,0.04,0.01,0.00,1.000,1.000,0.04,0,255.00,1,48.51,47.95,0.57,8.855,8.904,2.523,3.329,-0.026,-0.003,0.107,50.49,51,-0.2026,4752,6313.13,6673.27,2894,238,0
589928,8.975,8.940,9.000,8.960,9.000,8.960,0.197,49.67,0.4967,3.227,0.000,49.67,49.67,0.00,0,0,-2.48381,49.67,49.67,0.00,0,0,49.65,0.00,0.02,0.00,0.00,1.000,1.000,0.02,0,255.00,1,47.85,47.74,0.10,8.949,8.994,2.623,2.576,0.030,-0.000,0.041,49.67,50,0.0956,1674,17921.15,10723.48,2910,240,0
590062,9.000,8.998,9.000,8.978,9.000,8.978,0.115,49.17,0.4917,3.196,0.000,49.17,49.17,0.00,0,0,-2.48176,49.17,49.17,0.00,0,0,49.16,0.00,0.01,0.00,0.00,1.000,1.000,0.01,0,255.00,1,46.06,46.22,-0.15,9.007,9.048,2.552,2.524,-0.007,0.001,0.129,49.17,49,-0.1486,1888,15889.83,13159.10,2932,241,0
590194,8.934,8.950,8.671,8.925,8.671,8.925,-1.025,48.64,0.4864,3.179,0.000,48.64,48.64,0.00,0,0,-2.48042,48.64,48.64,0.00,0,0,48.63,0.00,0.01,0.00,0.00,1.000,1.000,0.01,0,255.00,1,35.04,35.32,-0.27,8.939,8.886,2.659,3.070,-0.010,-0.002,2.322,48.64,49,-0.0515,3709,8088.43,10719.29,2948,242,0
590327,8.927,8.934,8.648,8.836,8.648,8.836,-0.922,46.74,0.4674,3.145,0.000,46.74,46.74,0.00,0,0,-2.47358,46.74,46.74,0.00,0,0,46.74,0.00,0.00,0.00,0.00,1.000,1.000,0.00,0,255.00,1,35.26,35.95,-0.69,8.922,8.865,2.778,3.075,0.004,-0.001,1.803,46.74,47,-0.0482,6111,4909.18,7883.95,2974,243,0
590455,8.794,8.827,8.625,8.769,8.625,8.769,-0.700,46.68,0.4668,3.118,0.000,46.68,46.68,0.00,0,0,-2.46680,46.68,46.68,0.00,0,0,46.67,0.00,0.00,0.00,0.00,1.000,1.000,0.00,0,255.00,1,39.07,39.46,-0.40,8.814,8.748,3.009,3.784,-0.024,-0.004,0.762,46.68,47,-0.1792,6870,4366.81,6362.76,2993,244,0
590592,8.721,8.741,8.580,8.715,8.580,8.715,-0.561,46.66,0.4666,3.113,0.000,46.66,46.66,0.00,0,0,-2.46385,46.66,46.66,0.00,0,0,46.66,0.00,0.00,0.00,0.00,1.000,1.000,0.00,0,255.00,1,42.47,42.64,-0.17,8.726,8.651,3.307,4.059,-0.008,-0.005,0.220,46.66,47,-0.0109,1654,18137.85,9213.91,3015,245,0
590722,8.681,8.693,8.558,8.669,8.558,8.669,-0.452,46.33,0.4633,3.113,0.000,46.33,46.33,0.00,0,0,-2.46196,46.33,46.33,0.00,0,0,46.33,0.00,0.00,0.00,0.00,1.000,1.000,0.00,0,255.00,1,44.63,44.76,-0.13,8.677,8.601,3.519,3.968,0.003,-0.004,0.037,46.33,46,0.4491,2111,14211.27,11324.84,3036,245,0
590855,8.667,8.673,8.535,8.629,8.535,8.629,-0.442,45.70,0.4570,3.107,0.000,45.70,45.70,0.00,0,0,-2.45878,45.70,45.70,0.00,0,0,45.70,0.00,0.00,0.00,0.00,1.000,1.000,0.00,0,255.00,1,44.66,44.91,-0.25,8.657,8.583,3.601,3.711,0.009,-0.003,0.023,45.70,45,0.2493,2625,11428.57,12357.03,3055,246,0
590984,8.578,8.607,8.513,8.584,8.513,8.584,-0.353,45.59,0.4559,3.101,0.000,45.59,45.59,0.00,0,0,-2.45452,45.59,45.59,0.00,0,0,45.59,0.00,0.00,0.00,0.00,1.000,1.000,0.00,0,255.00,1,45.73,45.85,-0.12,8.593,8.525,3.652,3.825,-0.018,-0.003,0.001,45.59,45,0.4662,3053,9826.40,12454.81,3073,246,0
591084,8.554,8.568,8.468,8.562,8.468,8.562,-0.356,45.65,0.4565,3.106,0.000,45.65,45.65,0.00,0,0,-2.45400,45.65,45.65,0.00,0,0,45.65,0.00,0.00,0.00,0.00,1.000,1.000,0.00,0,255.00,1,46.10,46.12,-0.02,8.554,8.484,3.704,3.901,-0.001,-0.003,0.003,45.65,46,-0.2140,2706,11086.47,13116.99,3086,247,0
591213,8.534,8.538,8.445,8.530,8.445,8.530,-0.316,45.41,0.4541,3.113,0.000,45.41,45.41,0.00,0,0,-2.45374,45.41,45.41,0.00,0,0,45.41,0.00,0.00,0.00,0.00,1.000,1.000,0.00,0,255.00,1,46.48,46.50,-0.02,8.524,8.460,3.745,3.767,0.010,-0.002,0.015,45.41,45,0.4165,2046,14662.76,14242.08,3108,247,0
591348,8.470,8.471,8.423,8.500,8.423,8.500,-0.353,45.75,0.4575,3.133,0.000,45.75,45.75,0.00,0,0,-2.45681,45.75,45.75,0.00,0,0,45.75,0.00,0.00,0.00,0.00,1.000,1.000,0.00,0,255.00,1,46.98,46.79,0.20,8.457,8.387,3.831,3.932,0.013,-0.003,0.033,45.75,46,0.0486,4520,6637.17,11991.54,3125,248,0
591477,8.518,8.507,8.401,8.469,8.401,8.469,-0.336,44.58,0.4458,3.131,0.000,44.58,44.58,0.00,0,0,-2.45559,44.58,44.58,0.00,0,0,44.58,0.00,0.00,0.00,0.00,1.000,1.000,0.00,0,255.00,1,45.33,45.55,-0.23,8.496,8.440,3.732,3.296,0.024,0.001,0.016,44.58,44,0.1028,2944,10190.22,11725.39,3145,248,0
591616,8.463,8.481,8.357,8.441,8.357,8.441,-0.306,44.30,0.4430,3.118,0.000,44.30,44.30,0.00,0,0,-2.45142,44.30,44.30,0.00,0,0,44.30,0.00,0.00,0.00,0.00,1.000,1.000,0.00,0,255.00,1,44.53,44.76,-0.24,8.471,8.424,3.607,3.397,-0.009,0.001,0.012,44.30,44,-0.0124,8244,3639.01,9285.22,3165,248,0
591745,8.326,8.358,8.334,8.411,8.334,8.411,-0.352,45.39,0.4539,3.134,0.000,45.39,45.39,0.00,0,0,-2.45344,45.39,45.39,0.00,0,0,45.39,0.00,0.00,0.00,0.00,1.000,1.000,0.00,0,255.00,1,45.86,45.53,0.33,8.346,8.285,3.714,4.179,-0.024,-0.003,0.031,45.39,45,0.0781,2624,11432.93,9067.83,3185,249,0
591879,8.356,8.344,8.312,8.380,8.312,8.380,-0.336,45.04,0.4504,3.157,0.000,45.04,45.04,0.00,0,0,-2.45805,45.04,45.04,0.00,0,0,45.04,0.00,0.00,0.00,0.00,1.000,1.000,0.00,0,255.00,1,46.18,45.95,0.23,8.332,8.271,3.804,3.836,0.027,-0.002,0.032,45.04,45,-0.0404,3485,8608.32,10182.39,3206,249,0
592008,8.422,8.408,8.268,8.350,8.268,8.350,-0.302,43.49,0.4349,3.144,0.000,43.49,43.49,0.00,0,0,-2.45490,43.49,43.49,0.00,0,0,43.49,0.00,0.00,0.00,0.00,1.000,1.000,0.00,0,255.00,1,43.83,44.19,-0.36,8.400,8.358,3.631,3.057,0.025,0.003,0.031,43.49,44,-0.3179,2325,12903.23,11305.96,3226,249,0
592142,8.302,8.339,8.247,8.320,8.247,8.320,-0.338,43.77,0.4377,3.129,0.000,43.77,43.77,0.00,0,0,-2.45063,43.77,43.77,0.00,0,0,43.77,0.00,0.00,0.00,0.00,1.000,1.000,0.00,0,255.00,1,43.22,43.34,-0.12,8.330,8.286,3.539,3.599,-0.033,0.001,0.008,43.77,44,0.0461,1240,24193.55,17595.11,3245,251,0
592272,8.177,8.201,8.225,8.291,8.225,8.291,-0.325,45.13,0.4513,3.160,0.000,45.13,45.13,0.00,0,0,-2.45680,45.13,45.13,0.00,0,0,45.13,0.00,0.00,0.00,0.00,1.000,1.000,0.00,0,255.00,1,46.08,45.53,0.56,8.189,8.128,3.764,4.397,-0.014,-0.004,0.091,45.13,45,-0.3238,2585,11605.42,17273.53,3265,253,0
592406,8.257,8.230,8.181,8.261,8.181,8.261,-0.295,44.27,0.4427,3.184,0.000,44.27,44.27,0.00,0,0,-2.46248,44.27,44.27,0.00,0,0,44.27,0.00,0.00,0.00,0.00,1.000,1.000,0.00,0,255.00,1,45.80,45.60,0.20,8.219,8.165,3.826,3.651,0.043,-0.001,0.041,44.27,44,-0.1453,5220,5747.13,12500.15,3283,253,0
592535,8.306,8.300,8.159,8.232,8.159,8.232,-0.337,42.68,0.4268,3.164,0.000,42.68,42.68,0.00,0,0,-2.45858,42.68,42.68,0.00,0,0,42.68,0.00,0.00,0.00,0.00,1.000,1.000,0.00,0,255.00,1,42.41,42.83,-0.42,8.292,8.253,3.595,2.916,0.015,0.004,0.048,42.68,43,0.1608,5929,5059.88,8994.69,3302,254,0
592668,8.136,8.191,8.138,8.205,8.138,8.205,-0.309,43.57,0.4357,3.154,0.000,43.57,43.57,0.00,0,0,-2.45588,43.57,43.57,0.00,0,0,43.57,0.00,0.00,0.00,0.00,1.000,1.000,0.00,0,255.00,1,43.25,43.17,0.08,8.182,8.140,3.547,3.837,-0.053,-0.001,0.002,43.57,43,0.2326,5668,5292.87,7746.79,3320,255,0
592802,8.025,8.052,8.094,8.178,8.094,8.178,-0.304,45.00,0.4500,3.194,0.000,45.00,45.00,0.00,0,0,-2.46480,45.00,45.00,0.00,0,0,45.00,0.00,0.00,0.00,0.00,1.000,1.000,0.00,0,255.00,1,46.37,45.58,0.78,8.039,7.979,3.818,4.594,-0.018,-0.005,0.177,45.00,45,0.1808,5432,5522.83,7365.75,3337,255,0
592936,8.167,8.125,8.073,8.148,8.073,8.148,-0.345,43.58,0.4358,3.216,0.000,43.58,43.58,0.00,0,0,-2.47123,43.58,43.58,0.00,0,0,43.58,0.00,0.00,0.00,0.00,1.000,1.000,0.00,0,255.00,1,44.62,44.48,0.14,8.114,8.060,3.840,3.447,0.058,0.000,0.018,43.58,44,-0.0592,4079,7354.74,7743.53,3361,256,0
593064,8.202,8.202,8.051,8.120,8.051,8.120,-0.317,41.90,0.4190,3.186,0.000,41.90,41.90,0.00,0,0,-2.46559,41.90,41.90,0.00,0,0,41.90,0.00,0.00,0.00,0.00,1.000,1.000,0.00,0,255.00,1,41.36,41.87,-0.52,8.196,8.165,3.538,2.758,0.006,0.005,0.077,41.90,42,-0.2703,1663,18039.69,10686.43,3380,256,0
593197,8.017,8.068,8.030,8.092,8.030,8.092,-0.306,43.10,0.4310,3.176,0.000,43.10,43.10,0.00,0,0,-2.46326,43.10,43.10,0.00,0,0,43.10,0.00,0.00,0.00,0.00,1.000,1.000,0.00,0,255.00,1,42.57,42.43,0.14,8.060,8.020,3.521,3.923,-0.049,-0.001,0.006,43.10,43,0.2180,3043,9858.69,11329.66,3398,257,0
593327,7.872,7.898,7.987,8.064,7.987,8.064,-0.279,44.96,0.4496,3.230,0.000,44.96,44.96,0.00,0,0,-2.47587,44.96,44.96,0.00,0,0,44.96,0.00,0.00,0.00,0.00,1.000,1.000,0.00,0,255.00,1,46.89,45.85,1.04,7.885,7.822,3.894,4.871,-0.016,-0.007,0.317,44.96,45,0.0387,1701,17636.68,14407.49,3415,259,0
593461,8.041,8.001,7.966,8.034,7.966,8.034,-0.335,43.23,0.4323,3.256,0.000,43.23,43.23,0.00,0,0,-2.48422,43.23,43.23,0.00,0,0,43.23,0.00,0.00,0.00,0.00,1.000,1.000,0.00,0,255.00,1,44.62,44.41,0.21,7.990,7.936,3.908,3.413,0.057,0.001,0.034,43.23,43,0.1093,2590,11583.01,16953.74,3437,261,0
593592,8.127,8.124,7.923,8.004,7.923,8.004,-0.303,40.86,0.4086,3.210,0.000,40.86,40.86,0.00,0,0,-2.47577,40.86,40.86,0.00,0,0,40.86,0.00,0.00,0.00,0.00,1.000,1.000,0.00,0,255.00,1,40.02,40.77,-0.75,8.119,8.097,3.489,2.418,0.010,0.007,0.163,40.86,41,0.1093,1659,18083.18,15091.46,3454,261,0
593726,7.817,7.900,7.902,7.977,7.902,7.977,-0.272,43.28,0.4328,3.206,0.000,43.28,43.28,0.00,0,0,-2.47489,43.28,43.28,0.00,0,0,43.28,0.00,0.00,0.00,0.00,1.000,1.000,0.00,0,255.00,1,43.12,42.65,0.47,7.891,7.850,3.551,4.431,-0.084,-0.003,0.049,43.28,44,-0.3742,1700,17647.06,16464.20,3471,263,0
593854,7.714,7.734,7.881,7.947,7.881,7.947,-0.327,45.06,0.4506,3.275,0.000,45.06,45.06,0.00,0,0,-2.49173,45.06,45.06,0.00,0,0,45.06,0.00,0.00,0.00,0.00,1.000,1.000,0.00,0,255.00,1,47.17,45.85,1.32,7.719,7.647,4.017,5.182,-0.008,-0.008,0.487,45.06,45,-0.2678,1632,18382.35,17188.49,3489,265,0
593992,7.994,7.913,7.839,7.920,7.839,7.920,-0.301,42.47,0.4247,3.297,0.000,42.47,42.47,0.00,0,0,-2.50031,42.47,42.47,0.00,0,0,42.47,0.00,0.00,0.00,0.00,1.000,1.000,0.00,0,255.00,1,44.24,44.19,0.05,7.903,7.854,3.956,3.042,0.103,0.002,0.038,42.47,43,-0.4183,2665,11257.04,14390.41,3510,265,0
594120,8.052,8.038,7.818,7.891,7.818,7.891,-0.336,40.08,0.4008,3.240,0.000,40.08,40.08,0.00,0,0,-2.49003,40.08,40.08,0.00,0,0,40.08,0.00,0.00,0.00,0.00,1.000,1.000,0.00,0,255.00,1,38.61,39.54,-0.93,8.035,8.017,3.453,2.151,0.020,0.008,0.270,40.08,41,-0.4480,1664,18028.85,14493.38,3528,266,0
594249,7.710,7.791,7.797,7.864,7.797,7.864,-0.308,42.79,0.4279,3.236,0.000,42.79,42.79,0.00,0,0,-2.48960,42.79,42.79,0.00,0,0,42.79,0.00,0.00,0.00,0.00,1.000,1.000,0.00,0,255.00,1,42.10,41.66,0.43,7.783,7.743,3.535,4.392,-0.083,-0.003,0.043,42.79,43,0.0230,1653,18148.82,15284.29,3545,266,0
594382,7.585,7.603,7.755,7.837,7.755,7.837,-0.299,44.89,0.4489,3.312,0.000,44.89,44.89,0.00,0,0,-2.50839,44.89,44.89,0.00,0,0,44.89,0.00,0.00,0.00,0.00,1.000,1.000,0.00,0,255.00,1,47.30,45.85,1.45,7.588,7.518,4.057,5.320,-0.006,-0.009,0.592,44.89,45,-0.3513,3018,9940.36,14830.28,3562,268,0
594512,7.856,7.783,7.734,7.809,7.734,7.809,-0.275,42.37,0.4237,3.340,0.000,42.37,42.37,0.00,0,0,-2.51883,42.37,42.37,0.00,0,0,42.37,0.00,0.00,0.00,0.00,1.000,1.000,0.00,0,255.00,1,44.50,44.33,0.17,7.773,7.726,4.016,3.133,0.093,0.002,0.063,42.37,42,0.1350,3630,8264.46,11626.16,3584,269,0
594645,7.956,7.939,7.713,7.782,7.713,7.782,-0.317,39.66,0.3966,3.277,0.000,39.66,39.66,0.00,0,0,-2.50796,39.66,39.66,0.00,0,0,39.66,0.00,0.00,0.00,0.00,1.000,1.000,0.00,0,255.00,1,38.21,39.19,-0.99,7.936,7.923,3.458,2.019,0.023,0.009,0.300,39.66,40,-0.1014,3304,9079.90,11095.49,3604,271,0
594775,7.551,7.654,7.693,7.754,7.693,7.754,-0.303,42.78,0.4278,3.272,0.000,42.78,42.78,0.00,0,0,-2.50769,42.78,42.78,0.00,0,0,42.78,0.00,0.00,0.00,0.00,1.000,1.000,0.00,0,255.00,1,42.07,41.47,0.60,7.646,7.606,3.549,4.650,-0.108,-0.004,0.079,42.78,42,0.3991,3120,9615.38,9483.95,3620,271,0
594911,7.457,7.467,7.651,7.727,7.651,7.727,-0.277,44.86,0.4486,3.357,0.000,44.86,44.86,0.00,0,0,-2.52920,44.86,44.86,0.00,0,0,44.86,0.00,0.00,0.00,0.00,1.000,1.000,0.00,0,255.00,1,47.70,46.09,1.61,7.453,7.381,4.133,5.481,0.002,-0.010,0.747,44.86,45,0.0550,4059,7390.98,8409.08,3637,272,0
595041,7.829,7.713,7.631,7.699,7.631,7.699,-0.315,41.56,0.4156,3.376,0.000,41.56,41.56,0.00,0,0,-2.53837,41.56,41.56,0.00,0,0,41.56,0.00,0.00,0.00,0.00,1.000,1.000,0.00,0,255.00,1,43.11,43.19,-0.08,7.704,7.659,4.012,2.732,0.140,0.004,0.031,41.56,41,0.0661,7335,4089.98,6747.65,3660,273,0
595175,7.845,7.841,7.610,7.672,7.610,7.672,-0.305,39.17,0.3917,3.304,0.000,39.17,39.17,0.00,0,0,-2.52556,39.17,39.17,0.00,0,0,39.17,0.00,0.00,0.00,0.00,1.000,1.000,0.00,0,255.00,1,37.41,38.48,-1.07,7.840,7.832,3.413,1.976,0.008,0.010,0.361,39.17,39,0.0589,1643,18259.28,10011.66,3678,273,0
595305,7.469,7.563,7.569,7.644,7.569,7.644,-0.275,42.19,0.4219,3.298,0.000,42.19,42.19,0.00,0,0,-2.52482,42.19,42.19,0.00,0,0,42.19,0.00,0.00,0.00,0.00,1.000,1.000,0.00,0,255.00,1,41.40,40.91,0.48,7.556,7.521,3.521,4.543,-0.099,-0.003,0.054,42.19,42,0.3577,2059,14570.18,12553.08,3694,274,0
595438,7.330,7.343,7.549,7.617,7.549,7.617,-0.314,44.66,0.4466,3.387,0.000,44.66,44.66,0.00,0,0,-2.54708,44.66,44.66,0.00,0,0,44.66,0.00,0.00,0.00,0.00,1.000,1.000,0.00,0,255.00,1,47.15,45.45,1.70,7.328,7.253,4.154,5.658,-0.001,-0.011,0.782,44.66,44,0.1933,3856,7780.08,12179.40,3709,276,0
595567,7.628,7.548,7.528,7.590,7.528,7.590,-0.304,41.97,0.4197,3.422,0.000,41.97,41.97,0.00,0,0,-2.56021,41.97,41.97,0.00,0,0,41.97,0.00,0.00,0.00,0.00,1.000,1.000,0.00,0,255.00,1,44.13,43.87,0.26,7.537,7.486,4.136,3.180,0.102,0.002,0.073,41.97,42,-0.1301,2566,11691.35,11941.23,3724,277,0
595701,7.756,7.744,7.488,7.562,7.488,7.562,-0.274,38.79,0.3879,3.347,0.000,38.79,38.79,0.00,0,0,-2.54756,38.79,38.79,0.00,0,0,38.79,0.00,0.00,0.00,0.00,1.000,1.000,0.00,0,255.00,1,37.44,38.58,-1.15,7.743,7.738,3.476,1.788,0.016,0.011,0.383,38.79,39,0.2349,2207,13593.11,12546.11,3745,278,0
595831,7.363,7.458,7.467,7.535,7.467,7.535,-0.313,41.85,0.4185,3.331,0.000,41.85,41.85,0.00,0,0,-2.54486,41.85,41.85,0.00,0,0,41.85,0.00,0.00,0.00,0.00,1.000,1.000,0.00,0,255.00,1,40.57,40.12,0.46,7.451,7.416,3.515,4.545,-0.100,-0.003,0.056,41.85,42,-0.1177,1588,18891.69,13326.74,3762,279,0
595966,7.165,7.202,7.447,7.508,7.447,7.508,-0.301,44.71,0.4471,3.425,0.000,44.71,44.71,0.00,0,0,-2.56842,44.71,44.71,0.00,0,0,44.71,0.00,0.00,0.00,0.00,1.000,1.000,0.00,0,255.00,1,47.39,45.50,1.89,7.187,7.111,4.200,5.967,-0.027,-0.012,0.966,44.71,44,0.2708,1588,18891.69,16042.44,3774,281,0
596099,7.534,7.444,7.407,7.483,7.407,7.483,-0.275,41.67,0.4167,3.459,0.000,41.67,41.67,0.00,0,0,-2.58157,41.67,41.67,0.00,0,0,41.67,0.00,0.00,0.00,0.00,1.000,1.000,0.00,0,255.00,1,44.00,43.75,0.24,7.434,7.387,4.164,3.132,0.112,0.002,0.080,41.67,42,0.1274,4016,7470.12,13683.41,3793,282,0
596233,7.650,7.634,7.387,7.455,7.387,7.455,-0.315,38.64,0.3864,3.385,0.000,38.64,38.64,0.00,0,0,-2.56932,38.64,38.64,0.00,0,0,38.64,0.00,0.00,0.00,0.00,1.000,1.000,0.00,0,255.00,1,36.95,38.08,-1.13,7.632,7.625,3.507,1.820,0.021,0.010,0.392,38.64,39,0.0296,3944,7606.49,9843.07,3815,283,0
596362,7.217,7.323,7.367,7.428,7.367,7.428,-0.301,41.97,0.4197,3.377,0.000,41.97,41.97,0.00,0,0,-2.56885,41.97,41.97,0.00,0,0,41.97,0.00,0.00,0.00,0.00,1.000,1.000,0.00,0,255.00,1,41.07,40.44,0.63,7.315,7.279,3.595,4.759,-0.111,-0.004,0.087,41.97,42,-0.0303,7019,4274.11,7129.29,3832,284,0
596500,7.111,7.131,7.347,7.403,7.347,7.403,-0.276,44.08,0.4408,3.461,0.000,44.08,44.08,0.00,0,0,-2.59065,44.08,44.08,0.00,0,0,44.08,0.00,0.00,0.00,0.00,1.000,1.000,0.00,0,255.00,1,46.67,44.98,1.69,7.116,7.048,4.192,5.655,-0.009,-0.010,0.780,44.08,44,-0.0411,5676,5285.41,6550.29,3851,284,0
596628,7.371,7.300,7.307,7.377,7.307,7.377,-0.255,41.92,0.4192,3.499,0.000,41.92,41.92,0.00,0,0,-2.60468,41.92,41.92,0.00,0,0,41.92,0.00,0.00,0.00,0.00,1.000,1.000,0.00,0,255.00,1,44.43,43.94,0.48,7.290,7.241,4.204,3.515,0.090,0.000,0.135,41.92,41,0.4309,5658,5302.23,5941.24,3871,285,0
596764,7.493,7.481,7.287,7.352,7.287,7.352,-0.297,39.16,0.3916,3.442,0.000,39.16,39.16,0.00,0,0,-2.59677,39.16,39.16,0.00,0,0,39.16,0.00,0.00,0.00,0.00,1.000,1.000,0.00,0,255.00,1,38.16,38.98,-0.82,7.479,7.466,3.641,2.150,0.017,0.009,0.207,39.16,39,-0.2490,3376,8886.26,6173.81,3890,287,0
596894,7.237,7.304,7.268,7.326,7.268,7.326,-0.286,40.81,0.4081,3.415,0.000,40.81,40.81,0.00,0,0,-2.59301,40.81,40.81,0.00,0,0,40.81,0.00,0.00,0.00,0.00,1.000,1.000,0.00,0,255.00,1,39.54,39.43,0.11,7.299,7.275,3.552,3.951,-0.071,0.000,0.020,40.81,41,0.0017,5330,5628.52,6569.99,3905,288,0
597033,7.009,7.055,7.228,7.300,7.228,7.300,-0.262,43.49,0.4349,3.480,0.000,43.49,43.49,0.00,0,0,-2.61020,43.49,43.49,0.00,0,0,43.49,0.00,0.00,0.00,0.00,1.000,1.000,0.00,0,255.00,1,45.31,43.80,1.51,7.043,6.983,4.070,5.590,-0.040,-0.009,0.590,43.49,43,0.4805,4960,6048.39,6141.84,3921,288,0
597161,7.188,7.143,7.209,7.274,7.209,7.274,-0.299,42.31,0.4231,3.530,0.000,42.31,42.31,0.00,0,0,-2.62646,42.31,42.31,0.00,0,0,42.31,0.00,0.00,0.00,0.00,1.000,1.000,0.00,0,255.00,1,44.49,43.68,0.81,7.132,7.075,4.234,4.113,0.062,-0.003,0.215,42.31,42,0.0502,7774,3859.02,5917.61,3938,289,0
597261,7.368,7.302,7.189,7.258,7.189,7.258,-0.249,40.18,0.4018,3.513,0.000,40.18,40.18,0.00,0,0,-2.62623,40.18,40.18,0.00,0,0,40.18,0.00,0.00,0.00,0.00,1.000,1.000,0.00,0,255.00,1,41.13,41.40,-0.28,7.296,7.269,3.965,2.639,0.081,0.005,0.032,40.18,40,0.4267,5904,5081.30,5395.54,3950,289,0
597390,7.250,7.283,7.169,7.231,7.169,7.231,-0.304,39.84,0.3984,3.466,0.000,39.84,39.84,0.00,0,0,-2.61942,39.84,39.84,0.00,0,0,39.84,0.00,0.00,0.00,0.00,1.000,1.000,0.00,0,255.00,1,38.49,38.84,-0.35,7.280,7.262,3.611,3.115,-0.033,0.004,0.068,39.84,40,0.3168,2204,13611.62,7689.05,3969,289,0
597490,7.059,7.125,7.150,7.214,7.150,7.214,-0.296,41.46,0.4146,3.474,0.000,41.46,41.46,0.00,0,0,-2.62281,41.46,41.46,0.00,0,0,41.46,0.00,0.00,0.00,0.00,1.000,1.000,0.00,0,255.00,1,40.92,40.40,0.53,7.118,7.083,3.732,4.466,-0.068,-0.003,0.056,41.46,41,0.4896,6925,4332.13,6811.09,3979,289,0
597623,6.961,6.975,7.131,7.188,7.131,7.188,-0.282,42.98,0.4298,3.536,0.000,42.98,42.98,0.00,0,0,-2.64014,42.98,42.98,0.00,0,0,42.98,0.00,0.00,0.00,0.00,1.000,1.000,0.00,0,255.00,1,44.81,43.50,1.32,6.963,6.904,4.154,5.186,-0.004,-0.007,0.453,42.98,43,-0.3969,2845,10544.82,8329.55,3995,290,0
597763,7.133,7.083,7.092,7.163,7.092,7.163,-0.320,41.54,0.4154,3.567,0.000,41.54,41.54,0.00,0,0,-2.65268,41.54,41.54,0.00,0,0,41.54,0.00,0.00,0.00,0.00,1.000,1.000,0.00,0,255.00,1,42.99,42.50,0.49,7.072,7.023,4.181,3.711,0.066,-0.000,0.078,41.54,41,0.2385,4961,6047.17,8850.07,4012,291,0
597892,7.195,7.187,7.072,7.134,7.072,7.134,-0.308,39.81,0.3981,3.536,0.000,39.81,39.81,0.00,0,0,-2.65054,39.81,39.81,0.00,0,0,39.81,0.00,0.00,0.00,0.00,1.000,1.000,0.00,0,255.00,1,39.33,39.68,-0.35,7.182,7.159,3.822,2.854,0.015,0.005,0.044,39.81,40,-0.0777,2694,11135.86,11180.74,4031,291,0
597992,7.075,7.119,7.053,7.111,7.053,7.111,-0.266,40.17,0.4017,3.507,0.000,40.17,40.17,0.00,0,0,-2.64739,40.17,40.17,0.00,0,0,40.17,0.00,0.00,0.00,0.00,1.000,1.000,0.00,0,255.00,1,39.23,39.30,-0.07,7.115,7.096,3.665,3.602,-0.046,0.002,0.016,40.17,41,-0.3560,1750,17142.86,12360.23,4044,293,0
598125,6.850,6.909,7.034,7.087,7.034,7.087,-0.262,42.32,0.4232,3.544,0.000,42.32,42.32,0.00,0,0,-2.65834,42.32,42.32,0.00,0,0,42.32,0.00,0.00,0.00,0.00,1.000,1.000,0.00,0,255.00,1,43.21,42.12,1.09,6.900,6.853,3.985,5.136,-0.057,-0.006,0.282,42.32,43,-0.3515,2206,13599.27,13985.44,4061,295,0
598264,6.927,6.906,6.996,7.063,6.996,7.063,-0.243,42.21,0.4221,3.597,0.000,42.21,42.21,0.00,0,0,-2.67471,42.21,42.21,0.00,0,0,42.21,0.00,0.00,0.00,0.00,1.000,1.000,0.00,0,255.00,1,44.43,43.46,0.97,6.896,6.844,4.240,4.525,0.035,-0.004,0.290,42.21,42,0.0028,4063,7383.71,11188.64,4080,295,0
598394,7.051,7.026,6.977,7.037,6.977,7.037,-0.294,40.51,0.4051,3.595,0.000,40.51,40.51,0.00,0,0,-2.67963,40.51,40.51,0.00,0,0,40.51,0.00,0.00,0.00,0.00,1.000,1.000,0.00,0,255.00,1,41.12,41.07,0.06,7.019,6.984,4.043,3.265,0.037,0.003,0.005,40.51,40,0.1124,6538,4588.56,7967.80,4097,297,0
598528,6.973,6.997,6.957,7.012,6.957,7.012,-0.272,40.43,0.4043,3.575,0.000,40.43,40.43,0.00,0,0,-2.67949,40.43,40.43,0.00,0,0,40.43,0.00,0.00,0.00,0.00,1.000,1.000,0.00,0,255.00,1,40.19,40.12,0.08,6.991,6.966,3.849,3.609,-0.021,0.002,0.001,40.43,40,-0.0682,3977,7543.37,7431.71,4113,298,0
598655,6.826,6.858,6.957,6.993,6.957,6.993,-0.184,41.82,0.4182,3.600,0.000,41.82,41.82,0.00,0,0,-2.68886,41.82,41.82,0.00,0,0,41.82,0.00,0.00,0.00,0.00,1.000,1.000,0.00,0,255.00,1,43.15,42.32,0.83,6.850,6.816,4.015,4.616,-0.028,-0.004,0.181,41.82,42,0.2633,2746,10924.98,8140.89,4130,299,0
598786,6.816,6.816,6.957,6.977,6.957,6.977,-0.104,42.31,0.4231,3.657,0.000,42.31,42.31,0.00,0,0,-2.70870,42.31,42.31,0.00,0,0,42.31,0.00,0.00,0.00,0.00,1.000,1.000,0.00,0,255.00,1,45.24,44.23,1.00,6.809,6.774,4.231,4.427,0.008,-0.003,0.354,42.31,42,0.3587,6008,4993.34,7649.23,4145,301,0
598910,6.932,6.906,6.957,6.970,6.957,6.970,-0.068,41.34,0.4134,3.668,0.000,41.34,41.34,0.00,0,0,-2.71737,41.34,41.34,0.00,0,0,41.34,0.00,0.00,0.00,0.00,1.000,1.000,0.00,0,255.00,1,43.59,43.19,0.40,6.903,6.888,4.086,3.474,0.033,0.002,0.099,41.34,41,0.3584,5396,5559.67,6415.62,4159,301,0
599040,6.935,6.935,6.957,6.959,6.957,6.959,-0.010,40.99,0.4099,3.631,0.000,40.99,40.99,0.00,0,0,-2.72829,40.99,40.99,0.00,0,0,40.99,0.00,0.00,0.00,0.00,1.000,1.000,0.00,0,255.00,1,41.15,41.02,0.13,6.937,6.946,3.624,3.569,-0.002,0.002,0.002,40.99,41,0.1023,3329,9011.71,8758.46,4174,301,0
599165,6.842,6.861,6.957,6.958,6.957,6.958,-0.007,41.90,0.4190,3.648,0.000,41.90,41.90,0.00,0,0,-2.73523,41.90,41.90,0.00,0,0,41.90,0.00,0.00,0.00,0.00,1.000,1.000,0.00,0,255.00,1,42.74,42.15,0.59,6.861,6.860,3.742,4.154,-0.021,-0.002,0.084,41.90,42,0.0237,2733,10976.95,9203.86,4190,302,0
599295,6.814,6.816,6.957,6.958,6.957,6.958,-0.004,42.57,0.4257,3.685,0.000,42.57,42.57,0.00,0,0,-2.74762,42.57,42.57,0.00,0,0,42.57,0.00,0.00,0.00,0.00,1.000,1.000,0.00,0,255.00,1,44.34,43.46,0.87,6.814,6.804,3.924,4.317,0.000,-0.003,0.217,42.57,42,0.4106,5170,5802.71,7751.45,4208,302,0
599419,6.895,6.872,6.957,6.958,6.957,6.958,-0.003,42.09,0.4209,3.706,0.000,42.09,42.09,0.00,0,0,-2.75739,42.09,42.09,0.00,0,0,42.09,0.00,0.00,0.00,0.00,1.000,1.000,0.00,0,255.00,1,43.68,43.16,0.52,6.871,6.868,3.914,3.676,0.026,-0.000,0.092,42.09,42,0.3347,3824,7845.19,6833.93,4225,302,0
599548,6.914,6.910,6.957,6.957,6.957,6.957,-0.002,41.75,0.4175,3.705,0.000,41.75,41.75,0.00,0,0,-2.76231,41.75,41.75,0.00,0,0,41.75,0.00,0.00,0.00,0.00,1.000,1.000,0.00,0,255.00,1,42.57,42.29,0.28,6.911,6.917,3.780,3.437,0.005,0.001,0.023,41.75,42,-0.2507,3971,7554.77,7152.78,4242,303,0
599672,6.868,6.880,6.957,6.957,6.957,6.957,-0.001,42.16,0.4216,3.709,0.000,42.16,42.16,0.00,0,0,-2.76779,42.16,42.16,0.00,0,0,42.16,0.00,0.00,0.00,0.00,1.000,1.000,0.00,0,255.00,1,42.78,42.32,0.46,6.881,6.886,3.740,3.801,-0.015,-0.000,0.047,42.16,43,-0.4244,3996,7507.51,7325.89,4261,304,0
599802,6.834,6.837,6.957,6.957,6.957,6.957,-0.001,42.78,0.4278,3.733,0.000,42.78,42.78,0.00,0,0,-2.77804,42.78,42.78,0.00,0,0,42.78,0.00,0.00,0.00,0.00,1.000,1.000,0.00,0,255.00,1,43.91,43.18,0.73,6.837,6.836,3.841,4.098,-0.003,-0.002,0.133,42.78,43,-0.4520,3526,8508.22,7654.90,4281,306,0
599926,6.872,6.859,6.957,6.957,6.957,6.957,-0.001,42.68,0.4268,3.753,0.000,42.68,42.68,0.00,0,0,-2.78808,42.68,42.68,0.00,0,0,42.68,0.00,0.00,0.00,0.00,1.000,1.000,0.00,0,255.00,1,43.88,43.28,0.60,6.859,6.859,3.871,3.811,0.015,-0.001,0.093,42.68,43,-0.0967,4156,7218.48,7366.77,4304,306,0
600055,6.897,6.897,6.957,6.957,6.957,6.957,-0.000,42.36,0.4236,3.756,0.000,42.36,42.36,0.00,0,0,-2.79415,42.36,42.36,0.00,0,0,42.36,0.00,0.00,0.00,0.00,1.000,1.000,0.00,0,255.00,1,43.00,42.64,0.36,6.898,6.906,3.781,3.541,-0.001,0.001,0.028,42.36,42,0.1331,3925,7643.31,9202.89,4324,308,0
600181,6.859,6.876,6.957,6.957,6.957,6.957,-0.000,42.68,0.4268,3.760,0.000,42.68,42.68,0.00,0,0,-2.80020,42.68,42.68,0.00,0,0,42.68,0.00,0.00,0.00,0.00,1.000,1.000,0.00,0,255.00,1,43.16,42.67,0.49,6.877,6.884,3.752,3.823,-0.020,-0.000,0.049,42.68,43,-0.3911,5026,5968.96,8617.38,4342,308,0
600311,6.830,6.841,6.957,6.957,6.957,6.957,-0.000,43.19,0.4319,3.778,0.000,43.19,43.19,0.00,0,0,-2.80942,43.19,43.19,0.00,0,0,43.19,0.00,0.00,0.00,0.00,1.000,1.000,0.00,0,255.00,1,44.03,43.33,0.70,6.842,6.843,3.825,4.095,-0.013,-0.002,0.113,43.19,44,-0.4058,4073,7365.58,7339.49,4357,308,0
600435,6.877,6.860,6.957,6.957,6.957,6.957,-0.000,43.13,0.4313,3.796,0.000,43.13,43.13,0.00,0,0,-2.81911,43.13,43.13,0.00,0,0,43.13,0.00,0.00,0.00,0.00,1.000,1.000,0.00,0,255.00,1,44.09,43.50,0.59,6.860,6.862,3.866,3.853,0.019,-0.001,0.084,43.13,43,0.1949,5371,5585.55,6711.41,4375,309,0
600564,6.902,6.889,6.957,6.957,6.957,6.957,-0.000,42.92,0.4292,3.802,0.000,42.92,42.92,0.00,0,0,-2.82619,42.92,42.92,0.00,0,0,42.92,0.00,0.00,0.00,0.00,1.000,1.000,0.00,0,255.00,1,43.55,43.14,0.41,6.890,6.896,3.818,3.632,0.013,0.000,0.037,42.92,43,0.1994,4040,7425.74,7060.01,4391,311,0
600689,6.889,6.888,6.957,6.957,6.957,6.957,-0.000,43.02,0.4302,3.805,0.000,43.02,43.02,0.00,0,0,-2.83229,43.02,43.02,0.00,0,0,43.02,0.00,0.00,0.00,0.00,1.000,1.000,0.00,0,255.00,1,43.42,43.01,0.41,6.889,6.897,3.780,3.722,0.000,-0.000,0.034,43.02,43,0.1228,4394,6827.49,7260.72,4409,313,0
600818,6.865,6.865,6.957,6.957,6.957,6.957,-0.000,43.39,0.4339,3.817,0.000,43.39,43.39,0.00,0,0,-2.84033,43.39,43.39,0.00,0,0,43.39,0.00,0.00,0.00,0.00,1.000,1.000,0.00,0,255.00,1,43.97,43.42,0.56,6.865,6.870,3.821,3.937,-0.001,-0.001,0.067,43.39,43,0.0760,4033,7438.63,6362.00,4425,314,0
600942,6.871,6.862,6.957,6.957,6.957,6.957,-0.000,43.55,0.4355,3.833,0.000,43.55,43.55,0.00,0,0,-2.84940,43.55,43.55,0.00,0,0,43.55,0.00,0.00,0.00,0.00,1.000,1.000,0.00,0,255.00,1,44.32,43.74,0.57,6.863,6.866,3.868,3.915,0.009,-0.001,0.075,43.55,44,-0.2057,10765,2786.81,4800.30,4439,314,0
601070,6.884,6.877,6.957,6.957,6.957,6.957,-0.000,43.51,0.4351,3.843,0.000,43.51,43.51,0.00,0,0,-2.85727,43.51,43.51,0.00,0,0,43.51,0.00,0.00,0.00,0.00,1.000,1.000,0.00,0,255.00,1,44.17,43.69,0.48,6.878,6.883,3.861,3.791,0.007,-0.000,0.052,43.51,43,0.4489,9464,3169.91,4287.31,4454,316,0
601194,6.875,6.879,6.957,6.957,6.957,6.957,-0.000,43.58,0.4358,3.849,0.000,43.58,43.58,0.00,0,0,-2.86417,43.58,43.58,0.00,0,0,43.58,0.00,0.00,0.00,0.00,1.000,1.000,0.00,0,255.00,1,44.09,43.62,0.46,6.881,6.887,3.841,3.817,-0.007,-0.000,0.045,43.58,44,0.0696,8281,3622.75,3963.01,4471,317,0
601319,6.866,6.870,6.957,6.957,6.957,6.957,-0.000,43.79,0.4379,3.859,0.000,43.79,43.79,0.00,0,0,-2.87171,43.79,43.79,0.00,0,0,43.79,0.00,0.00,0.00,0.00,1.000,1.000,0.00,0,255.00,1,44.34,43.82,0.52,6.871,6.876,3.856,3.921,-0.006,-0.001,0.058,43.79,44,0.2439,5638,5321.04,5300.73,4485,319,0
601449,6.871,6.871,6.957,6.957,6.957,6.957,-0.000,43.98,0.4398,3.877,0.000,43.98,43.98,0.00,0,0,-2.88495,43.98,43.98,0.00,0,0,43.98,0.00,0.00,0.00,0.00,1.000,1.000,0.00,0,255.00,1,44.59,44.08,0.52,6.872,6.876,3.886,3.913,-0.001,-0.001,0.059,43.98,44,-0.1118,3023,9923.92,8662.24,4505,320,0
601575,6.867,6.870,6.957,6.957,6.957,6.957,-0.000,44.11,0.4411,3.888,0.000,44.11,44.11,0.00,0,0,-2.89278,44.11,44.11,0.00,0,0,44.11,0.00,0.00,0.00,0.00,1.000,1.000,0.00,0,255.00,1,44.73,44.20,0.52,6.871,6.875,3.898,3.931,-0.005,-0.001,0.060,44.11,44,0.0991,5760,5208.33,6976.73,4525,321,0
601702,6.880,6.882,6.957,6.957,6.957,6.957,-0.000,44.08,0.4408,3.895,0.000,44.08,44.08,0.00,0,0,-2.89981,44.08,44.08,0.00,0,0,44.08,0.00,0.00,0.00,0.00,1.000,1.000,0.00,0,255.00,1,44.58,44.13,0.45,6.883,6.889,3.886,3.848,-0.003,-0.000,0.042,44.08,44,0.3458,4644,6459.95,6100.48,4544,323,0
601828,6.881,6.884,6.957,6.957,6.957,6.957,-0.000,44.16,0.4416,3.901,0.000,44.16,44.16,0.00,0,0,-2.90644,44.16,44.16,0.00,0,0,44.16,0.00,0.00,0.00,0.00,1.000,1.000,0.00,0,255.00,1,44.57,44.14,0.44,6.885,6.892,3.879,3.870,-0.004,-0.000,0.039,44.16,44,-0.2510,7011,4278.99,5373.02,4559,323,0
601954,6.883,6.882,6.957,6.957,6.957,6.957,-0.000,44.32,0.4432,3.912,0.000,44.32,44.32,0.00,0,0,-2.91579,44.32,44.32,0.00,0,0,44.32,0.00,0.00,0.00,0.00,1.000,1.000,0.00,0,255.00,1,44.77,44.32,0.45,6.883,6.888,3.897,3.912,0.000,-0.001,0.043,44.32,44,-0.0571,4437,6761.33,5620.74,4577,325,0
602079,6.885,6.879,6.957,6.957,6.957,6.957,-0.000,44.45,0.4445,3.922,0.000,44.45,44.45,0.00,0,0,-2.92315,44.45,44.45,0.00,0,0,44.45,0.00,0.00,0.00,0.00,1.000,1.000,0.00,0,255.00,1,44.97,44.50,0.47,6.880,6.885,3.918,3.933,0.005,-0.001,0.047,44.45,44,0.3383,6994,4289.39,5623.81,4595,326,0
602205,6.875,6.869,6.957,6.957,6.957,6.957,-0.000,44.69,0.4469,3.936,0.000,44.69,44.69,0.00,0,0,-2.93151,44.69,44.69,0.00,0,0,44.69,0.00,0.00,0.00,0.00,1.000,1.000,0.00,0,255.00,1,45.37,44.84,0.53,6.870,6.872,3.959,4.005,0.006,-0.001,0.065,44.69,44,0.4433,3300,9090.91,6736.37,4616,327,0
602331,6.884,6.878,6.957,6.957,6.957,6.957,-0.000,44.71,0.4471,3.946,0.000,44.71,44.71,0.00,0,0,-2.93925,44.71,44.71,0.00,0,0,44.71,0.00,0.00,0.00,0.00,1.000,1.000,0.00,0,255.00,1,45.35,44.88,0.47,6.879,6.883,3.965,3.920,0.006,-0.001,0.051,44.71,45,-0.3151,3076,9752.93,8046.97,4632,327,0
602457,6.884,6.882,6.957,6.957,6.957,6.957,-0.000,44.76,0.4476,3.954,0.000,44.76,44.76,0.00,0,0,-2.94623,44.76,44.76,0.00,0,0,44.76,0.00,0.00,0.00,0.00,1.000,1.000,0.00,0,255.00,1,45.30,44.85,0.45,6.883,6.888,3.954,3.914,0.000,-0.001,0.043,44.76,45,-0.0284,2664,11261.26,9608.26,4653,329,0
602583,6.878,6.875,6.957,6.957,6.957,6.957,-0.000,44.95,0.4495,3.963,0.000,44.95,44.95,0.00,0,0,-2.95354,44.95,44.95,0.00,0,0,44.95,0.00,0.00,0.00,0.00,1.000,1.000,0.00,0,255.00,1,45.50,45.01,0.49,6.876,6.880,3.965,3.997,0.002,-0.001,0.053,44.95,45,-0.3072,2199,13642.56,11577.00,4669,330,0
602709,6.865,6.866,6.957,6.957,6.957,6.957,-0.000,45.17,0.4517,3.976,0.000,45.17,45.17,0.00,0,0,-2.96156,45.17,45.17,0.00,0,0,45.17,0.00,0.00,0.00,0.00,1.000,1.000,0.00,0,255.00,1,45.84,45.28,0.55,6.866,6.869,3.995,4.080,-0.001,-0.001,0.069,45.17,45,0.0061,1641,18281.54,13792.82,4691,331,0
602834,6.873,6.876,6.957,6.957,6.957,6.957,-0.000,45.17,0.4517,3.984,0.000,45.17,45.17,0.00,0,0,-2.96869,45.17,45.17,0.00,0,0,45.17,0.00,0.00,0.00,0.00,1.000,1.000,0.00,0,255.00,1,45.74,45.26,0.49,6.877,6.881,3.990,4.003,-0.004,-0.001,0.052,45.17,45,0.3358,3255,9216.59,11591.67,4708,331,0
602960,6.884,6.889,6.957,6.957,6.957,6.957,-0.000,45.12,0.4512,3.988,0.000,45.12,45.12,0.00,0,0,-2.97471,45.12,45.12,0.00,0,0,45.12,0.00,0.00,0.00,0.00,1.000,1.000,0.00,0,255.00,1,45.51,45.10,0.41,6.890,6.896,3.964,3.936,-0.007,-0.000,0.034,45.12,46,-0.4456,6591,4551.66,8974.60,4724,331,0
603085,6.862,6.875,6.957,6.957,6.957,6.957,-0.000,45.41,0.4541,3.997,0.000,45.41,45.41,0.00,0,0,-2.98500,45.41,45.41,0.00,0,0,45.41,0.00,0.00,0.00,0.00,1.000,1.000,0.00,0,255.00,1,45.80,45.31,0.49,6.876,6.881,3.975,4.117,-0.017,-0.001,0.050,45.41,46,-0.3975,3293,9110.23,6818.49,4744,332,0
603211,6.881,6.875,6.957,6.957,6.957,6.957,-0.000,45.53,0.4553,4.010,0.000,45.53,45.53,0.00,0,0,-2.99271,45.53,45.53,0.00,0,0,45.53,0.00,0.00,0.00,0.00,1.000,1.000,0.00,0,255.00,1,46.10,45.61,0.49,6.876,6.879,4.020,4.085,0.005,-0.001,0.054,45.53,45,0.1991,2200,13636.36,8665.35,4762,332,0
603337,6.893,6.886,6.957,6.957,6.957,6.957,-0.000,45.52,0.4552,4.020,0.000,45.52,45.52,0.00,0,0,-2.99982,45.52,45.52,0.00,0,0,45.52,0.00,0.00,0.00,0.00,1.000,1.000,0.00,0,255.00,1,46.08,45.65,0.43,6.887,6.891,4.028,3.984,0.007,-0.000,0.040,45.52,46,-0.0919,2920,10273.97,8174.22,4779,332,0
603464,6.893,6.889,6.957,6.957,6.957,6.957,-0.000,45.58,0.4558,4.026,0.000,45.58,45.58,0.00,0,0,-3.00621,45.58,45.58,0.00,0,0,45.58,0.00,0.00,0.00,0.00,1.000,1.000,0.00,0,255.00,1,46.04,45.64,0.40,6.890,6.895,4.020,3.981,0.003,-0.000,0.035,45.58,46,-0.3459,1703,17615.97,10652.79,4800,333,0
603589,6.886,6.887,6.957,6.957,6.957,6.957,-0.000,45.72,0.4572,4.033,0.000,45.72,45.72,0.00,0,0,-3.01418,45.72,45.72,0.00,0,0,45.72,0.00,0.00,0.00,0.00,1.000,1.000,0.00,0,255.00,1,46.11,45.69,0.42,6.888,6.893,4.015,4.047,-0.002,-0.001,0.036,45.72,46,0.2003,2032,14763.78,11744.44,4822,333,0
603719,6.869,6.874,6.957,6.957,6.957,6.957,-0.000,45.96,0.4596,4.044,0.000,45.96,45.96,0.00,0,0,-3.02115,45.96,45.96,0.00,0,0,45.96,0.00,0.00,0.00,0.00,1.000,1.000,0.00,0,255.00,1,46.49,45.99,0.50,6.875,6.878,4.047,4.169,-0.006,-0.001,0.055,45.96,46,-0.2015,2249,13339.26,12548.21,4844,333,0
603843,6.872,6.874,6.957,6.957,6.957,6.957,-0.000,46.07,0.4607,4.056,0.000,46.07,46.07,0.00,0,0,-3.02867,46.07,46.07,0.00,0,0,46.07,0.00,0.00,0.00,0.00,1.000,1.000,0.00,0,255.00,1,46.71,46.21,0.50,6.874,6.877,4.079,4.146,-0.002,-0.001,0.057,46.07,46,-0.0796,2202,13623.98,13210.89,4865,333,0
603972,6.907,6.898,6.957,6.957,6.957,6.957,-0.000,45.91,0.4591,4.062,0.000,45.91,45.91,0.00,0,0,-3.03484,45.91,45.91,0.00,0,0,45.91,0.00,0.00,0.00,0.00,1.000,1.000,0.00,0,255.00,1,46.37,46.02,0.35,6.900,6.905,4.059,3.938,0.009,0.000,0.026,45.91,46,-0.1317,2213,13556.26,13304.78,4884,333,0
604095,6.891,6.890,6.957,6.957,6.957,6.957,-0.000,46.08,0.4608,4.067,0.000,46.08,46.08,0.00,0,0,-3.04075,46.08,46.08,0.00,0,0,46.08,0.00,0.00,0.00,0.00,1.000,1.000,0.00,0,255.00,1,46.48,46.08,0.40,6.892,6.897,4.053,4.055,-0.000,-0.000,0.033,46.08,46,-0.0198,1705,17595.31,14881.56,4902,334,0
604226,6.872,6.878,6.957,6.957,6.957,6.957,-0.000,46.36,0.4636,4.079,0.000,46.36,46.36,0.00,0,0,-3.05095,46.36,46.36,0.00,0,0,46.36,0.00,0.00,0.00,0.00,1.000,1.000,0.00,0,255.00,1,46.83,46.35,0.48,6.878,6.882,4.075,4.205,-0.007,-0.001,0.050,46.36,46,-0.1276,1700,17647.06,16740.86,4920,336,0
604350,6.864,6.867,6.957,6.957,6.957,6.957,-0.000,46.58,0.4658,4.093,0.000,46.58,46.58,0.00,0,0,-3.05868,46.58,46.58,0.00,0,0,46.58,0.00,0.00,0.00,0.00,1.000,1.000,0.00,0,255.00,1,47.27,46.73,0.54,6.868,6.869,4.125,4.262,-0.004,-0.001,0.068,46.58,46,0.3897,1654,18137.85,18644.16,4945,337,0
604480,6.908,6.899,6.957,6.957,6.957,6.957,-0.000,46.35,0.4635,4.100,0.000,46.35,46.35,0.00,0,0,-3.06489,46.35,46.35,0.00,0,0,46.35,0.00,0.00,0.00,0.00,1.000,1.000,0.00,0,255.00,1,46.84,46.50,0.35,6.900,6.905,4.105,3.978,0.009,0.000,0.026,46.35,47,-0.3157,1630,18404.91,17500.77,4966,337,0
604603,6.900,6.899,6.957,6.957,6.957,6.957,-0.000,46.42,0.4642,4.103,0.000,46.42,46.42,0.00,0,0,-3.07022,46.42,46.42,0.00,0,0,46.42,0.00,0.00,0.00,0.00,1.000,1.000,0.00,0,255.00,1,46.76,46.42,0.34,6.901,6.906,4.082,4.029,-0.001,-0.000,0.024,46.42,47,-0.0857,2286,13123.36,14363.20,4987,338,0
604732,6.878,6.881,6.957,6.957,6.957,6.957,-0.000,46.70,0.4670,4.111,0.000,46.70,46.70,0.00,0,0,-3.07637,46.70,46.70,0.00,0,0,46.70,0.00,0.00,0.00,0.00,1.000,1.000,0.00,0,255.00,1,47.14,46.68,0.45,6.882,6.886,4.104,4.214,-0.004,-0.001,0.044,46.70,47,-0.3159,1128,26595.74,20332.68,5008,339,0
604855,6.895,6.887,6.957,6.957,6.957,6.957,-0.000,46.74,0.4674,4.122,0.000,46.74,46.74,0.00,0,0,-3.08322,46.74,46.74,0.00,0,0,46.74,0.00,0.00,0.00,0.00,1.000,1.000,0.00,0,255.00,1,47.27,46.85,0.42,6.887,6.891,4.131,4.142,0.008,-0.001,0.040,46.74,47,-0.0007,1128,26595.74,23389.06,5028,342,0
604986,6.914,6.904,6.957,6.957,6.957,6.957,-0.000,46.65,0.4665,4.127,0.000,46.65,46.65,0.00,0,0,-3.08888,46.65,46.65,0.00,0,0,46.65,0.00,0.00,0.00,0.00,1.000,1.000,0.00,0,255.00,1,47.03,46.72,0.31,6.905,6.911,4.116,4.005,0.010,0.000,0.020,46.65,46,0.1775,1758,17064.85,20302.84,5049,344,0
605110,6.903,6.902,6.957,6.957,6.957,6.957,-0.000,46.74,0.4674,4.129,0.000,46.74,46.74,0.00,0,0,-3.09361,46.74,46.74,0.00,0,0,46.74,0.00,0.00,0.00,0.00,1.000,1.000,0.00,0,255.00,1,46.99,46.66,0.32,6.904,6.910,4.096,4.081,-0.001,-0.000,0.020,46.74,46,0.2381,1212,24752.47,20438.94,5076,346,0
605241,6.876,6.886,6.957,6.957,6.957,6.957,-0.000,46.98,0.4698,4.135,0.000,46.98,46.98,0.00,0,0,-3.09913,46.98,46.98,0.00,0,0,46.98,0.00,0.00,0.00,0.00,1.000,1.000,0.00,0,255.00,1,47.33,46.91,0.42,6.887,6.892,4.117,4.248,-0.013,-0.001,0.037,46.98,47,-0.1921,1764,17006.80,19755.50,5096,347,0
605366,6.897,6.896,6.957,6.957,6.957,6.957,-0.000,47.05,0.4705,4.151,0.000,47.05,47.05,0.00,0,0,-3.11086,47.05,47.05,0.00,0,0,47.05,0.00,0.00,0.00,0.00,1.000,1.000,0.00,0,255.00,1,47.46,47.10,0.36,6.897,6.900,4.147,4.149,0.000,-0.001,0.029,47.05,47,-0.0143,1130,26548.67,24142.55,5112,351,0
605497,6.899,6.898,6.957,6.957,6.957,6.957,-0.000,47.20,0.4720,4.165,0.000,47.20,47.20,0.00,0,0,-3.12208,47.20,47.20,0.00,0,0,47.20,0.00,0.00,0.00,0.00,1.000,1.000,0.00,0,255.00,1,47.60,47.25,0.36,6.898,6.901,4.160,4.157,0.000,-0.001,0.028,47.20,47,0.0014,1130,26548.67,25917.92,5129,357,0
605621,6.899,6.902,6.957,6.957,6.957,6.957,-0.000,47.23,0.4723,4.168,0.000,47.23,47.23,0.00,0,0,-3.12682,47.23,47.23,0.00,0,0,47.23,0.00,0.00,0.00,0.00,1.000,1.000,0.00,0,255.00,1,47.53,47.20,0.33,6.903,6.907,4.149,4.152,-0.004,-0.001,0.022,47.23,48,-0.4533,1130,26548.67,26225.73,5150,360,0
605753,6.908,6.909,6.957,6.957,6.957,6.957,-0.000,47.22,0.4722,4.170,0.000,47.22,47.22,0.00,0,0,-3.13115,47.22,47.22,0.00,0,0,47.22,0.00,0.00,0.00,0.00,1.000,1.000,0.00,0,255.00,1,47.43,47.14,0.28,6.910,6.916,4.138,4.122,-0.003,-0.000,0.016,47.22,47,0.1486,1810,16574.59,22792.65,5173,362,0
605877,6.917,6.910,6.957,6.957,6.957,6.957,-0.000,47.28,0.4728,4.175,0.000,47.28,47.28,0.00,0,0,-3.13575,47.28,47.28,0.00,0,0,47.28,0.00,0.00,0.00,0.00,1.000,1.000,0.00,0,255.00,1,47.49,47.22,0.28,6.911,6.917,4.146,4.131,0.006,-0.000,0.015,47.28,47,0.0463,2922,10266.94,18698.59,5196,363,0
606009,6.906,6.911,6.957,6.957,6.957,6.957,-0.000,47.35,0.4735,4.178,0.000,47.35,47.35,0.00,0,0,-3.14103,47.35,47.35,0.00,0,0,47.35,0.00,0.00,0.00,0.00,1.000,1.000,0.00,0,255.00,1,47.51,47.24,0.27,6.912,6.916,4.142,4.170,-0.006,-0.000,0.015,47.35,47,0.2352,4309,6962.17,11208.95,5216,363,0
606133,6.909,6.910,6.957,6.957,6.957,6.957,-0.000,47.47,0.4747,4.184,0.000,47.47,47.47,0.00,0,0,-3.14891,47.47,47.47,0.00,0,0,47.47,0.00,0.00,0.00,0.00,1.000,1.000,0.00,0,255.00,1,47.67,47.39,0.28,6.911,6.915,4.159,4.213,-0.002,-0.001,0.016,47.47,48,-0.4240,2152,13940.52,9469.37,5236,364,0
606264,6.910,6.906,6.957,6.957,6.957,6.957,-0.000,47.59,0.4759,4.192,0.000,47.59,47.59,0.00,0,0,-3.15373,47.59,47.59,0.00,0,0,47.59,0.00,0.00,0.00,0.00,1.000,1.000,0.00,0,255.00,1,47.92,47.61,0.31,6.906,6.908,4.189,4.238,0.004,-0.001,0.021,47.59,47,0.3458,2641,11359.33,11889.33,5258,364,0
606388,6.907,6.912,6.957,6.957,6.957,6.957,-0.000,47.61,0.4761,4.198,0.000,47.61,47.61,0.00,0,0,-3.15927,47.61,47.61,0.00,0,0,47.61,0.00,0.00,0.00,0.00,1.000,1.000,0.00,0,255.00,1,47.90,47.63,0.27,6.912,6.915,4.190,4.195,-0.006,-0.000,0.016,47.61,48,-0.2952,1642,18270.40,16806.84,5282,365,0
606519,6.925,6.922,6.957,6.957,6.957,6.957,-0.000,47.65,0.4765,4.205,0.000,47.65,47.65,0.00,0,0,-3.16895,47.65,47.65,0.00,0,0,47.65,0.00,0.00,0.00,0.00,1.000,1.000,0.00,0,255.00,1,47.81,47.60,0.21,6.923,6.926,4.181,4.155,0.003,-0.000,0.009,47.65,48,-0.1585,1642,18270.40,18024.86,5305,372,0
606644,6.913,6.918,6.957,6.957,6.957,6.957,-0.000,47.76,0.4776,4.208,0.000,47.76,47.76,0.00,0,0,-3.17404,47.76,47.76,0.00,0,0,47.76,0.00,0.00,0.00,0.00,1.000,1.000,0.00,0,255.00,1,47.89,47.66,0.23,6.919,6.922,4.181,4.236,-0.007,-0.001,0.011,47.76,48,0.2412,2375,12631.58,14073.07,5325,373,0
606775,6.921,6.920,6.957,6.957,6.957,6.957,-0.000,47.79,0.4779,4.212,0.000,47.79,47.79,0.00,0,0,-3.17745,47.79,47.79,0.00,0,0,47.79,0.00,0.00,0.00,0.00,1.000,1.000,0.00,0,255.00,1,47.96,47.74,0.22,6.921,6.923,4.194,4.216,-0.000,-0.000,0.010,47.79,48,-0.4023,1261,23790.64,17230.67,5353,373,0
606900,6.923,6.923,6.957,6.957,6.957,6.957,-0.000,47.86,0.4786,4.219,0.000,47.86,47.86,0.00,0,0,-3.18400,47.86,47.86,0.00,0,0,47.86,0.00,0.00,0.00,0.00,1.000,1.000,0.00,0,255.00,1,48.04,47.84,0.20,6.923,6.925,4.205,4.206,0.000,-0.001,0.009,47.86,48,-0.3275,1143,26246.72,22625.90,5377,375,0
607031,6.915,6.918,6.957,6.957,6.957,6.957,-0.000,48.00,0.4800,4.225,0.000,48.00,48.00,0.00,0,0,-3.19002,48.00,48.00,0.00,0,0,48.00,0.00,0.00,0.00,0.00,1.000,1.000,0.00,0,255.00,1,48.21,47.98,0.24,6.918,6.919,4.216,4.281,-0.003,-0.001,0.012,48.00,48,0.0994,1143,26246.72,25297.54,5393,380,0
607155,6.927,6.924,6.957,6.957,6.957,6.957,-0.000,48.05,0.4805,4.234,0.000,48.05,48.05,0.00,0,0,-3.19694,48.05,48.05,0.00,0,0,48.05,0.00,0.00,0.00,0.00,1.000,1.000,0.00,0,255.00,1,48.31,48.10,0.20,6.924,6.924,4.237,4.216,0.004,-0.001,0.010,48.05,48,0.4413,1225,24489.80,21847.72,5419,382,0
607293,6.927,6.927,5.446,6.957,5.446,6.957,-0.000,48.06,0.4806,4.236,0.000,48.06,48.06,0.00,0,0,-3.20041,48.06,48.06,0.00,0,0,48.06,0.00,0.00,0.00,0.00,1.000,1.000,0.00,0,255.00,1,48.21,48.04,0.18,6.928,6.930,4.223,4.214,-0.001,-0.000,0.006,48.06,48,-0.4339,1225,24489.80,23407.60,5444,385,0
607422,6.938,6.937,5.431,6.500,5.431,6.500,-5.216,39.50,0.3950,4.121,0.000,39.50,39.50,0.00,0,0,-3.17562,39.50,39.50,0.00,0,0,39.50,0.00,0.00,0.00,0.00,1.000,1.000,0.00,0,255.00,1,18.42,21.73,-3.31,6.889,6.652,4.063,3.408,0.047,0.004,11.927,39.50,40,-0.3115,1281,23419.20,22288.78,5471,386,0
607522,6.536,6.704,5.416,6.235,5.416,6.235,-4.154,36.78,0.3678,3.983,0.000,36.78,36.78,0.00,0,0,-3.14564,36.78,36.78,0.00,0,0,36.78,0.00,0.00,0.00,0.00,1.000,1.000,0.00,0,255.00,1,16.97,20.23,-3.26,6.647,6.365,4.105,4.959,-0.134,-0.002,9.333,36.78,37,-0.3863,1281,23419.20,22695.73,5481,388,0
607651,5.741,5.963,5.401,5.946,5.401,5.946,-2.792,41.30,0.4130,3.956,0.000,41.30,41.30,0.00,0,0,-3.12824,41.30,41.30,0.00,0,0,41.30,0.00,0.00,0.00,0.00,1.000,1.000,0.00,0,255.00,1,29.04,29.18,-0.14,5.885,5.505,5.345,9.801,-0.169,-0.025,1.822,41.30,41,0.0581,1540,19480.52,22261.05,5499,391,0
607790,5.401,5.492,5.371,5.753,5.371,5.753,-1.876,43.28,0.4328,4.082,0.000,43.28,43.28,0.00,0,0,-3.14711,43.28,43.28,0.00,0,0,43.28,0.00,0.00,0.00,0.00,1.000,1.000,0.00,0,255.00,1,44.61,42.88,1.73,5.412,5.025,6.967,10.757,-0.019,-0.032,1.024,43.28,43,0.0279,1540,19480.52,20904.15,5512,393,0
607919,5.600,5.555,5.357,5.619,5.357,5.619,-1.320,41.03,0.4103,4.160,0.000,41.03,41.03,0.00,0,0,-3.16055,41.03,41.03,0.00,0,0,41.03,0.00,0.00,0.00,0.00,1.000,1.000,0.00,0,255.00,1,47.36,46.80,0.56,5.487,5.158,7.449,7.517,0.122,-0.015,0.744,41.03,41,-0.0493,7045,4258.34,14691.75,5528,394,0
608054,5.635,5.634,5.342,5.525,5.342,5.525,-0.930,38.89,0.3889,4.144,0.000,38.89,38.89,0.00,0,0,-3.15402,38.89,38.89,0.00,0,0,38.89,0.00,0.00,0.00,0.00,1.000,1.000,0.00,0,255.00,1,45.24,45.76,-0.52,5.583,5.337,6.996,5.519,0.057,-0.002,0.498,38.89,39,0.1759,5369,5587.63,10197.97,5547,394,0
608187,5.425,5.474,5.313,5.458,5.313,5.458,-0.664,39.45,0.3945,4.137,0.000,39.45,39.45,0.00,0,0,-3.14892,39.45,39.45,0.00,0,0,39.45,0.00,0.00,0.00,0.00,1.000,1.000,0.00,0,255.00,1,46.07,46.05,0.03,5.433,5.237,6.663,6.083,-0.010,-0.002,0.572,39.45,40,-0.3601,3945,7604.56,9190.62,5562,395,0
608321,5.270,5.308,5.299,5.408,5.299,5.408,-0.486,40.40,0.4040,4.177,0.000,40.40,40.40,0.00,0,0,-3.15493,40.40,40.40,0.00,0,0,40.40,0.00,0.00,0.00,0.00,1.000,1.000,0.00,0,255.00,1,47.97,47.23,0.73,5.273,5.105,6.601,6.516,-0.005,-0.004,0.957,40.40,40,0.0078,7465,4018.75,7174.17,5579,395,0
608449,5.264,5.265,5.284,5.369,5.284,5.369,-0.411,40.41,0.4041,4.225,0.000,40.41,40.41,0.00,0,0,-3.16512,40.41,40.41,0.00,0,0,40.41,0.00,0.00,0.00,0.00,1.000,1.000,0.00,0,255.00,1,47.76,47.02,0.74,5.235,5.095,6.472,5.901,0.031,-0.001,0.889,40.41,40,0.4991,4055,7398.27,7135.39,5595,397,0
608583,5.292,5.284,5.269,5.337,5.269,5.337,-0.339,39.87,0.3987,4.251,0.000,39.87,39.87,0.00,0,0,-3.17154,39.87,39.87,0.00,0,0,39.87,0.00,0.00,0.00,0.00,1.000,1.000,0.00,0,255.00,1,46.04,45.65,0.39,5.262,5.157,6.136,5.089,0.033,0.003,0.537,39.87,40,-0.2987,7936,3780.24,5927.41,5613,397,0
608711,5.283,5.286,5.241,5.309,5.241,5.309,-0.274,39.52,0.3952,4.257,0.000,39.52,39.52,0.00,0,0,-3.17418,39.52,39.52,0.00,0,0,39.52,0.00,0.00,0.00,0.00,1.000,1.000,0.00,0,255.00,1,44.31,44.13,0.18,5.271,5.198,5.746,4.729,0.013,0.005,0.297,39.52,40,-0.4869,7936,3780.24,4879.59,5636,401,0
608845,5.212,5.231,5.227,5.285,5.227,5.285,-0.271,39.74,0.3974,4.267,0.000,39.74,39.74,0.00,0,0,-3.17791,39.74,39.74,0.00,0,0,39.74,0.00,0.00,0.00,0.00,1.000,1.000,0.00,0,255.00,1,43.49,43.14,0.35,5.219,5.161,5.489,4.944,-0.009,0.004,0.206,39.74,39,0.4630,4048,7411.07,6175.18,5654,402,0
608979,5.190,5.198,5.198,5.262,5.198,5.262,-0.247,39.82,0.3982,4.284,0.000,39.82,39.82,0.00,0,0,-3.18346,39.82,39.82,0.00,0,0,39.82,0.00,0.00,0.00,0.00,1.000,1.000,0.00,0,255.00,1,43.00,42.60,0.40,5.188,5.140,5.328,4.922,0.002,0.004,0.165,39.82,40,-0.1226,5549,5406.38,5800.00,5673,403,0
609113,5.195,5.194,5.184,5.240,5.184,5.240,-0.214,39.63,0.3963,4.295,0.000,39.63,39.63,0.00,0,0,-3.18820,39.63,39.63,0.00,0,0,39.63,0.00,0.00,0.00,0.00,1.000,1.000,0.00,0,255.00,1,42.24,41.95,0.29,5.186,5.149,5.162,4.694,0.010,0.004,0.103,39.63,40,-0.0403,2916,10288.07,7273.90,5692,404,0
609242,5.187,5.188,5.170,5.220,5.170,5.220,-0.231,39.45,0.3945,4.299,0.000,39.45,39.45,0.00,0,0,-3.19155,39.45,39.45,0.00,0,0,39.45,0.00,0.00,0.00,0.00,1.000,1.000,0.00,0,255.00,1,41.22,41.03,0.19,5.182,5.151,4.998,4.562,0.005,0.004,0.044,39.45,40,-0.4887,2259,13280.21,9963.91,5713,404,0
609371,5.161,5.163,5.156,5.194,5.156,5.194,-0.193,39.39,0.3939,4.304,0.000,39.39,39.39,0.00,0,0,-3.19564,39.39,39.39,0.00,0,0,39.39,0.00,0.00,0.00,0.00,1.000,1.000,0.00,0,255.00,1,40.73,40.54,0.18,5.158,5.134,4.849,4.573,0.002,0.003,0.027,39.39,39,0.2736,3923,7647.21,10054.57,5733,405,0
609502,5.127,5.137,5.128,5.172,5.128,5.172,-0.153,39.39,0.3939,4.308,0.000,39.39,39.39,0.00,0,0,-3.19945,39.39,39.39,0.00,0,0,39.39,0.00,0.00,0.00,0.00,1.000,1.000,0.00,0,255.00,1,40.54,40.33,0.21,5.133,5.114,4.751,4.612,-0.007,0.002,0.024,39.39,40,-0.2506,3916,7660.88,8097.28,5754,407,0
609631,5.113,5.115,5.114,5.150,5.114,5.150,-0.113,39.37,0.3937,4.317,0.000,39.37,39.37,0.00,0,0,-3.20486,39.37,39.37,0.00,0,0,39.37,0.00,0.00,0.00,0.00,1.000,1.000,0.00,0,255.00,1,40.44,40.23,0.22,5.111,5.095,4.684,4.567,0.002,0.002,0.024,39.37,40,-0.3572,1680,17857.14,14152.44,5773,409,0
609763,5.110,5.110,5.100,5.137,5.100,5.137,-0.164,39.28,0.3928,4.320,0.000,39.28,39.28,0.00,0,0,-3.20775,39.28,39.28,0.00,0,0,39.28,0.00,0.00,0.00,0.00,1.000,1.000,0.00,0,255.00,1,39.83,39.67,0.16,5.106,5.089,4.638,4.489,0.004,0.002,0.007,39.28,40,-0.3697,3754,7991.48,11381.04,5790,411,0
609894,5.082,5.088,5.086,5.114,5.086,5.114,-0.141,39.22,0.3922,4.323,0.000,39.22,39.22,0.00,0,0,-3.21162,39.22,39.22,0.00,0,0,39.22,0.00,0.00,0.00,0.00,1.000,1.000,0.00,0,255.00,1,39.63,39.48,0.15,5.085,5.070,4.578,4.516,-0.003,0.001,0.005,39.22,39,-0.1851,1647,18214.94,12707.72,5809,411,0
610033,5.076,5.077,5.059,5.099,5.059,5.099,-0.181,39.15,0.3915,4.324,0.000,39.15,39.15,0.00,0,0,-3.21368,39.15,39.15,0.00,0,0,39.15,0.00,0.00,0.00,0.00,1.000,1.000,0.00,0,255.00,1,39.23,39.10,0.12,5.073,5.054,4.559,4.512,0.002,0.001,0.002,39.15,39,0.3235,2565,11695.91,14091.43,5826,413,0
610163,5.059,5.059,5.045,5.075,5.045,5.075,-0.130,39.04,0.3904,4.326,0.000,39.04,39.04,0.00,0,0,-3.21743,39.04,39.04,0.00,0,0,39.04,0.00,0.00,0.00,0.00,1.000,1.000,0.00,0,255.00,1,39.27,39.18,0.09,5.056,5.041,4.532,4.461,0.003,0.001,0.002,39.04,39,-0.0319,5222,5744.93,7456.78,5842,413,0
610296,5.042,5.045,5.031,5.055,5.031,5.055,-0.123,38.94,0.3894,4.324,0.000,38.94,38.94,0.00,0,0,-3.21936,38.94,38.94,0.00,0,0,38.94,0.00,0.00,0.00,0.00,1.000,1.000,0.00,0,255.00,1,39.05,38.99,0.06,5.042,5.029,4.498,4.454,0.000,0.001,0.001,38.94,39,-0.0943,6034,4971.83,6154.04,5858,413,0
610425,5.028,5.030,5.004,5.043,5.004,5.043,-0.126,38.93,0.3893,4.324,0.000,38.93,38.93,0.00,0,0,-3.22049,38.93,38.93,0.00,0,0,38.93,0.00,0.00,0.00,0.00,1.000,1.000,0.00,0,255.00,1,39.01,38.93,0.08,5.027,5.012,4.496,4.497,0.001,0.000,0.001,38.93,39,-0.2807,2983,10056.99,7711.87,5874,413,0
610561,5.023,5.023,4.991,5.027,4.991,5.027,-0.178,38.80,0.3880,4.323,0.000,38.80,38.80,0.00,0,0,-3.22125,38.80,38.80,0.00,0,0,38.80,0.00,0.00,0.00,0.00,1.000,1.000,0.00,0,255.00,1,38.53,38.51,0.02,5.019,5.000,4.490,4.454,0.003,0.001,0.001,38.80,39,0.2894,5529,5425.94,6849.73,5891,414,0
610691,4.996,4.998,4.964,5.002,4.964,5.002,-0.129,38.72,0.3872,4.321,0.000,38.72,38.72,0.00,0,0,-3.22220,38.72,38.72,0.00,0,0,38.72,0.00,0.00,0.00,0.00,1.000,1.000,0.00,0,255.00,1,38.76,38.73,0.03,4.994,4.976,4.499,4.502,0.002,0.000,0.000,38.72,39,0.1055,3932,7629.71,7193.59,5912,418,0
610826,4.981,4.984,4.950,4.983,4.950,4.983,-0.163,38.60,0.3860,4.318,0.000,38.60,38.60,0.00,0,0,-3.22220,38.60,38.60,0.00,0,0,38.60,0.00,0.00,0.00,0.00,1.000,1.000,0.00,0,255.00,1,38.40,38.41,-0.01,4.980,4.960,4.492,4.486,0.001,0.000,0.001,38.60,39,-0.3715,6033,4972.65,6902.17,5929,419,0
610956,4.972,4.973,4.937,4.969,4.937,4.969,-0.158,38.51,0.3851,4.315,0.000,38.51,38.51,0.00,0,0,-3.22209,38.51,38.51,0.00,0,0,38.51,0.00,0.00,0.00,0.00,1.000,1.000,0.00,0,255.00,1,38.34,38.37,-0.03,4.969,4.948,4.492,4.476,0.003,0.000,0.001,38.51,38,0.2920,3770,7957.56,7495.81,5947,419,0
611096,4.942,4.951,4.910,4.955,4.910,4.955,-0.154,38.54,0.3854,4.315,0.000,38.54,38.54,0.00,0,0,-3.22223,38.54,38.54,0.00,0,0,38.54,0.00,0.00,0.00,0.00,1.000,1.000,0.00,0,255.00,1,38.45,38.43,0.03,4.946,4.925,4.504,4.563,-0.005,-0.000,0.000,38.54,39,-0.1303,4048,7411.07,9238.43,5968,420,0
611227,4.934,4.936,4.897,4.939,4.897,4.939,-0.192,38.46,0.3846,4.315,0.000,38.46,38.46,0.00,0,0,-3.22254,38.46,38.46,0.00,0,0,38.46,0.00,0.00,0.00,0.00,1.000,1.000,0.00,0,255.00,1,38.22,38.20,0.01,4.931,4.905,4.519,4.552,0.002,-0.000,0.001,38.46,38,0.3328,1764,17006.80,11267.49,5986,420,0
611327,4.925,4.925,4.884,4.923,4.884,4.923,-0.180,38.37,0.3837,4.316,0.000,38.37,38.37,0.00,0,0,-3.22280,38.37,38.37,0.00,0,0,38.37,0.00,0.00,0.00,0.00,1.000,1.000,0.00,0,255.00,1,38.22,38.22,-0.01,4.919,4.895,4.528,4.516,0.005,-0.000,0.000,38.37,39,-0.3896,1764,17006.80,14068.27,5995,422,0
611456,4.899,4.903,4.871,4.900,4.871,4.900,-0.144,38.25,0.3825,4.313,0.000,38.25,38.25,0.00,0,0,-3.22231,38.25,38.25,0.00,0,0,38.25,0.00,0.00,0.00,0.00,1.000,1.000,0.00,0,255.00,1,38.27,38.29,-0.02,4.898,4.876,4.519,4.515,0.001,-0.000,0.000,38.25,38,0.0668,3047,9845.75,13524.21,6012,425,0
611594,4.880,4.888,4.845,4.887,4.845,4.887,-0.142,38.23,0.3823,4.311,0.000,38.23,38.23,0.00,0,0,-3.22196,38.23,38.23,0.00,0,0,38.23,0.00,0.00,0.00,0.00,1.000,1.000,0.00,0,255.00,1,38.25,38.25,-0.00,4.883,4.862,4.517,4.540,-0.004,-0.000,0.000,38.23,39,-0.2917,3326,9019.84,12892.43,6030,426,0
611724,4.869,4.869,4.832,4.865,4.832,4.865,-0.147,38.11,0.3811,4.312,0.000,38.11,38.11,0.00,0,0,-3.22190,38.11,38.11,0.00,0,0,38.11,0.00,0.00,0.00,0.00,1.000,1.000,0.00,0,255.00,1,38.12,38.14,-0.02,4.864,4.843,4.523,4.491,0.005,0.000,0.000,38.11,39,-0.4101,6286,4772.51,8216.11,6048,428,0
611860,4.849,4.853,4.819,4.848,4.819,4.848,-0.143,38.03,0.3803,4.311,0.000,38.03,38.03,0.00,0,0,-3.22149,38.03,38.03,0.00,0,0,38.03,0.00,0.00,0.00,0.00,1.000,1.000,0.00,0,255.00,1,38.02,38.05,-0.03,4.849,4.829,4.513,4.483,-0.001,0.000,0.000,38.03,38,-0.1072,7113,4217.63,6939.39,6062,429,0
611992,4.841,4.843,4.793,4.834,4.793,4.834,-0.142,37.94,0.3794,4.308,0.000,37.94,37.94,0.00,0,0,-3.22070,37.94,37.94,0.00,0,0,37.94,0.00,0.00,0.00,0.00,1.000,1.000,0.00,0,255.00,1,37.87,37.93,-0.05,4.839,4.818,4.500,4.474,0.002,0.000,0.001,37.94,38,-0.2344,4577,6554.51,7038.03,6081,429,0
612126,4.822,4.825,4.781,4.814,4.781,4.814,-0.164,37.83,0.3783,4.305,0.000,37.83,37.83,0.00,0,0,-3.21943,37.83,37.83,0.00,0,0,37.83,0.00,0.00,0.00,0.00,1.000,1.000,0.00,0,255.00,1,37.62,37.68,-0.07,4.820,4.798,4.493,4.489,0.001,0.000,0.002,37.83,38,0.2350,9698,3093.42,4836.43,6099,431,0
612256,4.809,4.813,4.768,4.800,4.768,4.800,-0.158,37.75,0.3775,4.302,0.000,37.75,37.75,0.00,0,0,-3.21838,37.75,37.75,0.00,0,0,37.75,0.00,0.00,0.00,0.00,1.000,1.000,0.00,0,255.00,1,37.57,37.64,-0.08,4.808,4.785,4.492,4.487,0.001,0.000,0.002,37.75,38,-0.4206,9212,3256.62,4044.59,6118,433,0
612396,4.798,4.797,4.742,4.782,4.742,4.782,-0.138,37.65,0.3765,4.299,0.000,37.65,37.65,0.00,0,0,-3.21691,37.65,37.65,0.00,0,0,37.65,0.00,0.00,0.00,0.00,1.000,1.000,0.00,0,255.00,1,37.57,37.66,-0.09,4.793,4.771,4.491,4.465,0.005,0.000,0.002,37.65,37,0.3869,5876,5105.51,4589.41,6133,434,0
612528,4.768,4.776,4.730,4.761,4.730,4.761,-0.140,37.55,0.3755,4.295,0.000,37.55,37.55,0.00,0,0,-3.21494,37.55,37.55,0.00,0,0,37.55,0.00,0.00,0.00,0.00,1.000,1.000,0.00,0,255.00,1,37.46,37.54,-0.09,4.771,4.749,4.486,4.472,-0.004,0.000,0.002,37.55,37,0.3967,4666,6429.49,6116.63,6147,434,0
612659,4.759,4.763,4.717,4.749,4.717,4.749,-0.144,37.49,0.3749,4.292,0.000,37.49,37.49,0.00,0,0,-3.21348,37.49,37.49,0.00,0,0,37.49,0.00,0.00,0.00,0.00,1.000,1.000,0.00,0,255.00,1,37.35,37.44,-0.08,4.759,4.737,4.479,4.480,-0.001,0.000,0.002,37.49,38,-0.1259,2362,12701.10,8687.22,6162,434,0
612791,4.738,4.740,4.692,4.732,4.692,4.732,-0.135,37.47,0.3747,4.293,0.000,37.47,37.47,0.00,0,0,-3.21248,37.47,37.47,0.00,0,0,37.47,0.00,0.00,0.00,0.00,1.000,1.000,0.00,0,255.00,1,37.46,37.51,-0.05,4.736,4.714,4.495,4.514,0.002,-0.000,0.000,37.47,38,-0.1382,10413,2881.01,5956.08,6177,435,0
612925,4.728,4.725,4.680,4.712,4.680,4.712,-0.102,37.34,0.3734,4.292,0.000,37.34,37.34,0.00,0,0,-3.21125,37.34,37.34,0.00,0,0,37.34,0.00,0.00,0.00,0.00,1.000,1.000,0.00,0,255.00,1,37.52,37.59,-0.07,4.721,4.702,4.498,4.446,0.008,0.000,0.001,37.34,37,-0.0666,8158,3677.37,4717.77,6192,438,0
613053,4.710,4.713,4.668,4.697,4.668,4.697,-0.131,37.25,0.3725,4.290,0.000,37.25,37.25,0.00,0,0,-3.20967,37.25,37.25,0.00,0,0,37.25,0.00,0.00,0.00,0.00,1.000,1.000,0.00,0,255.00,1,37.18,37.27,-0.09,4.709,4.689,4.476,4.424,0.001,0.000,0.002,37.25,37,0.1142,6281,4776.31,4356.05,6210,440,0
613190,4.690,4.697,4.643,4.685,4.643,4.685,-0.145,37.21,0.3721,4.287,0.000,37.21,37.21,0.00,0,0,-3.20835,37.21,37.21,0.00,0,0,37.21,0.00,0.00,0.00,0.00,1.000,1.000,0.00,0,255.00,1,37.04,37.12,-0.08,4.693,4.672,4.467,4.474,-0.004,0.000,0.002,37.21,37,-0.2460,11790,2544.53,3757.69,6224,441,0
613319,4.673,4.676,4.631,4.662,4.631,4.662,-0.150,37.09,0.3709,4.284,0.000,37.09,37.09,0.00,0,0,-3.20625,37.09,37.09,0.00,0,0,37.09,0.00,0.00,0.00,0.00,1.000,1.000,0.00,0,255.00,1,36.91,36.99,-0.09,4.671,4.650,4.470,4.474,0.001,0.000,0.002,37.09,37,0.4218,11790,2544.53,2942.06,6244,446,0
613451,4.658,4.663,4.618,4.648,4.618,4.648,-0.149,37.02,0.3702,4.282,0.000,37.02,37.02,0.00,0,0,-3.20492,37.02,37.02,0.00,0,0,37.02,0.00,0.00,0.00,0.00,1.000,1.000,0.00,0,255.00,1,36.85,36.94,-0.09,4.658,4.637,4.470,4.476,-0.001,0.000,0.002,37.02,37,-0.4531,6581,4558.58,3473.12,6262,448,0
613579,4.648,4.650,4.606,4.632,4.606,4.632,-0.129,36.91,0.3691,4.280,0.000,36.91,36.91,0.00,0,0,-3.20302,36.91,36.91,0.00,0,0,36.91,0.00,0.00,0.00,0.00,1.000,1.000,0.00,0,255.00,1,36.84,36.94,-0.11,4.645,4.624,4.467,4.441,0.003,0.000,0.002,36.91,37,0.3891,6581,4558.58,4113.98,6283,452,0
613713,4.628,4.630,4.582,4.616,4.582,4.616,-0.111,36.87,0.3687,4.278,0.000,36.87,36.87,0.00,0,0,-3.20126,36.87,36.87,0.00,0,0,36.87,0.00,0.00,0.00,0.00,1.000,1.000,0.00,0,255.00,1,36.92,37.00,-0.08,4.626,4.607,4.469,4.466,0.002,0.000,0.001,36.87,37,-0.0500,6581,4558.58,4376.47,6303,456,0
613842,4.617,4.618,4.570,4.603,4.570,4.603,-0.150,36.81,0.3681,4.276,0.000,36.81,36.81,0.00,0,0,-3.19998,36.81,36.81,0.00,0,0,36.81,0.00,0.00,0.00,0.00,1.000,1.000,0.00,0,255.00,1,36.65,36.73,-0.09,4.613,4.590,4.468,4.464,0.003,-0.000,0.002,36.81,36,0.4369,4019,7464.54,5883.45,6323,458,0
613979,4.597,4.600,4.546,4.585,4.546,4.585,-0.138,36.73,0.3673,4.275,0.000,36.73,36.73,0.00,0,0,-3.19839,36.73,36.73,0.00,0,0,36.73,0.00,0.00,0.00,0.00,1.000,1.000,0.00,0,255.00,1,36.65,36.73,-0.08,4.595,4.574,4.471,4.468,0.002,0.000,0.002,36.73,37,-0.4999,1631,18393.62,12008.04,6342,459,0
614107,4.590,4.593,4.535,4.572,4.535,4.572,-0.133,36.60,0.3660,4.271,0.000,36.60,36.60,0.00,0,0,-3.19658,36.60,36.60,0.00,0,0,36.60,0.00,0.00,0.00,0.00,1.000,1.000,0.00,0,255.00,1,36.49,36.62,-0.12,4.589,4.568,4.457,4.423,0.001,0.000,0.003,36.60,36,0.3866,1122,26737.97,17514.50,6361,459,0
614243,4.565,4.572,4.523,4.555,4.523,4.555,-0.146,36.55,0.3655,4.268,0.000,36.55,36.55,0.00,0,0,-3.19442,36.55,36.55,0.00,0,0,36.55,0.00,0.00,0.00,0.00,1.000,1.000,0.00,0,255.00,1,36.38,36.48,-0.10,4.568,4.546,4.455,4.465,-0.004,0.000,0.003,36.55,37,-0.3192,1122,26737.97,22960.04,6379,463,0
614371,4.558,4.559,4.511,4.543,4.511,4.543,-0.145,36.50,0.3650,4.267,0.000,36.50,36.50,0.00,0,0,-3.19298,36.50,36.50,0.00,0,0,36.50,0.00,0.00,0.00,0.00,1.000,1.000,0.00,0,255.00,1,36.36,36.45,-0.09,4.554,4.531,4.459,4.463,0.003,-0.000,0.002,36.50,36,0.2405,2204,13611.62,19487.16,6400,464,0
614501,4.533,4.535,4.499,4.523,4.499,4.523,-0.122,36.44,0.3644,4.266,0.000,36.44,36.44,0.00,0,0,-3.19114,36.44,36.44,0.00,0,0,36.44,0.00,0.00,0.00,0.00,1.000,1.000,0.00,0,255.00,1,36.48,36.55,-0.07,4.531,4.510,4.469,4.472,0.002,-0.000,0.001,36.44,37,-0.3669,1151,26064.29,20025.54,6422,464,0
614629,4.530,4.530,4.476,4.510,4.476,4.510,-0.155,36.31,0.3631,4.264,0.000,36.31,36.31,0.00,0,0,-3.18953,36.31,36.31,0.00,0,0,36.31,0.00,0.00,0.00,0.00,1.000,1.000,0.00,0,255.00,1,36.10,36.22,-0.12,4.525,4.503,4.455,4.412,0.005,0.000,0.004,36.31,37,-0.3138,1666,18007.20,20119.36,6442,465,0
614760,4.505,4.508,4.464,4.492,4.464,4.492,-0.141,36.26,0.3626,4.262,0.000,36.26,36.26,0.00,0,0,-3.18763,36.26,36.26,0.00,0,0,36.26,0.00,0.00,0.00,0.00,1.000,1.000,0.00,0,255.00,1,36.16,36.25,-0.09,4.503,4.481,4.457,4.459,0.001,0.000,0.002,36.26,36,-0.1412,2199,13642.56,19162.65,6463,466,0
614891,4.499,4.499,4.441,4.475,4.441,4.475,-0.114,36.11,0.3611,4.257,0.000,36.11,36.11,0.00,0,0,-3.18511,36.11,36.11,0.00,0,0,36.11,0.00,0.00,0.00,0.00,1.000,1.000,0.00,0,255.00,1,36.08,36.22,-0.14,4.495,4.476,4.442,4.392,0.004,0.000,0.004,36.11,37,-0.4942,1676,17899.76,17166.88,6485,466,0
615023,4.477,4.479,4.430,4.456,4.430,4.456,-0.128,36.01,0.3601,4.251,0.000,36.01,36.01,0.00,0,0,-3.18180,36.01,36.01,0.00,0,0,36.01,0.00,0.00,0.00,0.00,1.000,1.000,0.00,0,255.00,1,35.87,36.01,-0.14,4.475,4.455,4.428,4.405,0.001,0.000,0.004,36.01,36,-0.1967,1257,23866.35,21671.06,6505,468,0
615156,4.463,4.466,4.418,4.441,4.418,4.441,-0.117,35.91,0.3591,4.246,0.000,35.91,35.91,0.00,0,0,-3.17892,35.91,35.91,0.00,0,0,35.91,0.00,0.00,0.00,0.00,1.000,1.000,0.00,0,255.00,1,35.80,35.95,-0.15,4.462,4.443,4.416,4.392,0.001,0.000,0.005,35.91,36,-0.4054,1706,17584.99,17422.23,6525,471,0
615289,4.435,4.445,4.396,4.431,4.396,4.431,-0.117,35.95,0.3595,4.245,0.000,35.95,35.95,0.00,0,0,-3.17720,35.95,35.95,0.00,0,0,35.95,0.00,0.00,0.00,0.00,1.000,1.000,0.00,0,255.00,1,35.89,35.97,-0.08,4.441,4.421,4.423,4.476,-0.007,-0.000,0.001,35.95,36,0.3644,3285,9132.42,15811.15,6543,473,0
615422,4.429,4.429,4.384,4.412,4.384,4.412,-0.126,35.84,0.3584,4.245,0.000,35.84,35.84,0.00,0,0,-3.17513,35.84,35.84,0.00,0,0,35.84,0.00,0.00,0.00,0.00,1.000,1.000,0.00,0,255.00,1,35.78,35.88,-0.10,4.425,4.404,4.436,4.410,0.004,0.000,0.002,35.84,36,-0.1368,6446,4654.05,10328.05,6559,473,0
615551,4.409,4.411,4.373,4.394,4.373,4.394,-0.102,35.75,0.3575,4.243,0.000,35.75,35.75,0.00,0,0,-3.17240,35.75,35.75,0.00,0,0,35.75,0.00,0.00,0.00,0.00,1.000,1.000,0.00,0,255.00,1,35.77,35.87,-0.10,4.407,4.389,4.420,4.381,0.002,0.000,0.002,35.75,36,-0.3422,2918,10281.01,8887.41,6580,477,0
615689,4.401,4.401,4.351,4.382,4.351,4.382,-0.099,35.65,0.3565,4.240,0.000,35.65,35.65,0.00,0,0,-3.17026,35.65,35.65,0.00,0,0,35.65,0.00,0.00,0.00,0.00,1.000,1.000,0.00,0,255.00,1,35.63,35.75,-0.12,4.398,4.381,4.402,4.354,0.003,0.000,0.003,35.65,35,0.4414,1163,25795.36,15325.00,6603,478,0
615818,4.381,4.383,4.340,4.367,4.340,4.367,-0.130,35.61,0.3561,4.238,0.000,35.61,35.61,0.00,0,0,-3.16824,35.61,35.61,0.00,0,0,35.61,0.00,0.00,0.00,0.00,1.000,1.000,0.00,0,255.00,1,35.42,35.52,-0.10,4.379,4.360,4.399,4.398,0.002,0.000,0.003,35.61,36,-0.0214,1955,15345.27,16407.05,6619,480,0
615955,4.367,4.369,4.329,4.353,4.329,4.353,-0.117,35.55,0.3555,4.237,0.000,35.55,35.55,0.00,0,0,-3.16649,35.55,35.55,0.00,0,0,35.55,0.00,0.00,0.00,0.00,1.000,1.000,0.00,0,255.00,1,35.45,35.55,-0.10,4.365,4.346,4.401,4.389,0.002,0.000,0.002,35.55,35,0.3208,1652,18159.81,16793.41,6637,483,0
=== SHOT TELEMETRY END ===
