# SHOT START
# legend_version=4
# time_base=ms_since_boot
# units: pressure=bar, flow=ml_s, output=percent, derivative=bar_s
# raw_p = raw pressure sensor reading
# flt_p = filtered pressure used by controller
# sp_raw = raw incoming pressure setpoint currently held by the profile engine
# sp_flt = filtered pressure setpoint actually used internally by the controller
# sp_recipe = visual recipe reference; ideal profile target for display/comparison
# sp_ctrl = control reference after internal conditioning; command seen by control logic
# sp_flt_d = derivative of filtered pressure setpoint
# ctrl_out = final controller output command in percent
# pump_duty = internal normalized pressure-branch duty estimate
# pump_flow = estimated pump flow
# coffee_flow = estimated outflow through puck / coffee flow
# u_raw = pressure branch output after clamp and before final slew limiter
# u_applied = pressure branch output after final slew limiter
# u_delta = u_raw - u_applied; limiter intervention magnitude
# limiter_active_up = 1 when rise slew limiter is active
# limiter_active_down = 1 when drop slew limiter is active
# error_integral = integral state of legacy pressure controller
# u_unclamped_raw = controller output before 0..100 clamp
# u_clamped_raw = controller output after 0..100 clamp and before slew limiter
# u_clamp_delta = u_unclamped_raw - u_clamped_raw
# clamp_active_high = 1 when output was clipped by upper clamp
# clamp_active_low = 1 when output was clipped by lower clamp
# u_fb = legacy pressure feedback contribution
# u_ff_hold = static feedforward contribution
# u_ff_dyn = dynamic feedforward contribution
# u_ff_dyn_raw = raw dynamic feedforward request before FF-path LPF and slew limiting
# ff_pressure_w = pressure-window weight applied to dynamic FF
# ff_above_w = above-target suppression weight applied to dynamic FF
# ff_gamma = ramp-dependent gamma multiplier applied to dynamic FF
# u_ff_total = total feedforward contribution
# ramp_hold_active = 1 when the downstream drop-rate hold is active during ramp-up
# drop_rate_active = active downstream output drop-rate cap in percent per second
# mpc_shadow_enabled = 1 when shadow MPC is being computed in parallel
# mpc_u_shadow = total output suggested by shadow MPC; not applied to actuator in shadow stage
# mpc_u_ss = steady-state component suggested by shadow MPC
# mpc_u_trim = corrective trim component suggested by shadow MPC
# mpc_p1_pred = one-step pressure prediction from shadow MPC model
# mpc_pn_pred = terminal pressure prediction at end of shadow MPC horizon
# mpc_qout_est = estimated outflow / load used by shadow MPC model
# mpc_qout_raw = instantaneous outflow / load estimate before shadow-MPC LPF
# mpc_residual = measured minus predicted pressure residual for shadow MPC
# mpc_residual_bias = low-pass residual bias term added to shadow predictions
# mpc_cost = shadow MPC objective value
# power_cmd = floating-point power command sent to pump stage before integer quantization
# power_psm_quantized = integer power actually sent to PSM
# power_quant_residual = sigma-delta residual kept for next quantization step
# tach_period_us = measured time between valid tach pulses in microseconds
# tach_rpm_inst = instantaneous RPM derived from tach_period_us and pulses-per-revolution
# tach_rpm_ema = exponentially filtered published RPM intended for easier visual analysis
# tach_rpm_count_window = RPM derived from ISR-accepted pulse counts over a fixed time window
# tach_rpm_count_window_pcnt_raw = RPM derived from raw PCNT hardware counts over the same window (diagnostic only)
# tach_pcnt_ratio = raw PCNT pulse count divided by ISR-accepted pulse count in the current window
# tach_rpm_pub = RPM value selected for operational use after comparing period and count-window estimates
# tach_quality_ok = 1 when period and count-window RPM agree within tolerance
# tach_rpm_source = 0=none, 1=period branch, 2=count-window fallback
# tach_pulse_count = total number of valid tach pulses seen since the last reset
# tach_glitch_rejects = number of tach edges rejected as implausibly fast glitches or plausibility failures
# tach_pcnt_healthy = 1 when raw PCNT windows have matched ISR-accepted windows for multiple consecutive updates
# tach_capture_enabled_cfg = 1 when MCPWM capture is enabled by configuration
# tach_capture_init_ok = 1 when MCPWM capture initialized successfully
# tach_capture_active = 1 after MCPWM capture has observed events in this run
# tach_capture_event_count = number of capture ISR events seen since last reset
# tach_capture_last_period_us = most recent MCPWM capture period converted to microseconds
# tach_capture_last_edge = last capture edge enum reported by MCPWM
# tach_timeout = 1 when no recent tach pulse is available and RPM is forced to zero
ms,raw_p,flt_p,sp_raw,sp_flt,sp_recipe,sp_ctrl,sp_flt_d,ctrl_out,pump_duty,pump_flow,coffee_flow,u_raw,u_applied,u_delta,limiter_active_up,limiter_active_down,error_integral,u_unclamped_raw,u_clamped_raw,u_clamp_delta,clamp_active_high,clamp_active_low,u_fb,u_ff_hold,u_ff_dyn,u_ff_dyn_raw,ff_pressure_w,ff_above_w,ff_gamma,u_ff_total,ramp_hold_active,drop_rate_active,mpc_shadow_enabled,mpc_u_shadow,mpc_u_ss,mpc_u_trim,mpc_p1_pred,mpc_pn_pred,mpc_qout_est,mpc_qout_raw,mpc_residual,mpc_residual_bias,mpc_cost,power_cmd,power_psm_quantized,power_quant_residual,tach_period_us,tach_rpm_inst,tach_rpm_ema,tach_rpm_count_window,tach_rpm_count_window_pcnt_raw,tach_pcnt_ratio,tach_rpm_pub,tach_quality_ok,tach_rpm_source,tach_pulse_count,tach_glitch_rejects,tach_pcnt_healthy,tach_capture_enabled_cfg,tach_capture_init_ok,tach_capture_active,tach_capture_event_count,tach_capture_last_period_us,tach_capture_last_edge,tach_timeout
97842,0.589,0.586,9.000,0.579,9.000,0.579,11.851,0.00,0.0000,0.000,0.000,0.00,0.00,0.00,0,0,0.00000,-0.06,0.00,-0.06,0,1,-0.06,0.00,0.00,0.00,0.00,1.000,1.000,0.00,0,255.00,1,46.14,45.00,1.14,0.748,1.533,0.000,0.000,0.000,0.000,31.798,0.00,0,0.0000,0,0.00,0.00,0.00,0.00,0.000,0.00,0,0,0,0,0,1,1,0,0,0,0,1,-2147483647
97953,0.608,0.602,9.000,2.229,9.000,2.229,30.134,11.40,0.3345,0.235,0.000,33.45,11.40,22.05,1,0,0.00000,33.45,33.45,0.00,0,0,31.88,0.00,1.57,8.50,0.33,1.000,1.053,1.57,1,60.00,1,56.27,51.27,5.00,0.780,1.633,0.262,1.695,-0.171,-0.014,211.018,11.40,11,0.1000,10299,2912.90,2912.90,0.00,0.00,0.000,2912.90,0,1,4,4,0,1,1,1,8,3408,1,0,0
98089,0.615,0.613,9.000,4.552,9.000,4.552,22.697,28.50,0.5753,1.079,0.000,57.53,28.50,29.03,1,0,0.00000,57.53,57.53,0.00,0,0,52.78,0.00,4.74,8.50,1.00,1.000,1.160,4.74,1,60.00,1,65.68,60.67,5.00,0.782,1.588,1.251,4.505,-0.171,-0.035,318.752,28.50,28,0.5000,8579,3496.91,3197.90,0.00,0.00,0.000,3496.91,0,1,8,7,0,1,1,1,15,1286,1,0,0
98192,0.630,0.623,9.000,5.659,9.000,5.659,17.146,39.90,0.6853,1.907,0.000,68.53,39.90,28.63,1,0,0.00000,68.53,68.53,0.00,0,0,62.53,0.00,6.00,8.50,1.00,1.000,1.160,6.00,1,60.00,1,71.94,66.94,5.00,0.783,1.537,2.214,6.346,-0.158,-0.046,356.229,39.90,40,-0.4000,7163,4188.19,3443.80,0.00,0.00,0.000,4188.19,0,1,14,37,0,1,1,1,51,1900,1,0,0
98326,0.656,0.652,9.000,6.826,9.000,6.826,11.165,57.00,0.7988,3.457,0.000,79.88,57.00,22.88,1,0,0.00000,79.88,79.88,0.00,0,0,72.73,0.00,7.14,8.50,1.00,1.000,1.160,7.14,1,60.00,1,81.35,76.35,5.00,0.794,1.459,3.964,9.043,-0.143,-0.059,399.609,57.00,57,-0.5000,6634,4522.16,3011.72,1960.38,2666.12,1.360,1960.38,0,2,30,139,0,1,1,1,168,11190,1,0,0
98467,0.673,0.669,9.000,7.586,9.000,7.586,7.264,74.10,0.8715,5.300,0.000,87.15,74.10,13.05,1,0,0.00000,87.15,87.15,0.00,0,0,79.39,0.00,7.76,8.50,0.88,1.000,1.141,7.76,0,255.00,1,90.75,85.75,5.00,0.790,1.356,6.018,11.835,-0.124,-0.068,434.366,74.10,74,-0.3000,7714,3889.03,2498.66,1960.38,2666.12,1.360,1960.38,0,2,45,231,0,1,1,1,275,7714,1,0,0
98567,0.703,0.693,9.000,7.938,9.000,7.938,5.454,85.50,0.9044,6.654,0.000,90.44,85.50,4.94,1,0,0.00000,90.44,90.44,0.00,0,0,82.43,0.00,8.01,8.50,0.63,1.000,1.101,8.01,0,255.00,1,97.02,92.02,5.00,0.801,1.300,7.494,13.592,-0.104,-0.071,451.339,85.50,85,0.0000,7996,3751.88,2304.88,1960.38,2666.12,1.360,1960.38,0,2,55,336,0,1,1,1,390,2778,1,0,0
98706,0.718,0.713,9.000,8.309,9.000,8.309,3.548,97.64,0.9764,8.736,0.000,97.64,97.64,0.00,0,0,-0.45280,97.64,97.64,0.00,0,0,89.47,0.00,8.17,8.15,0.33,1.000,1.053,8.17,0,255.00,1,100.00,98.70,5.00,0.780,1.091,9.727,15.573,-0.076,-0.073,483.354,97.64,98,-0.3621,8149,3681.43,2579.89,3191.29,4068.90,1.275,3191.29,0,2,70,460,0,1,1,1,528,1224,1,0,0
98840,0.997,0.867,9.000,8.551,9.000,8.551,2.308,99.34,0.9934,10.496,0.000,99.34,99.34,0.00,0,0,-0.68331,99.34,99.34,0.00,0,0,93.18,0.00,6.15,2.55,0.16,1.000,1.025,6.15,0,255.00,1,100.00,99.64,5.00,0.903,1.073,11.412,14.679,0.103,-0.064,489.981,99.34,100,-0.2505,7288,4116.36,2878.26,3191.29,4068.90,1.275,3191.29,0,2,85,548,0,1,1,1,631,7288,1,0,0
98980,8.957,7.530,9.000,8.708,9.000,8.708,1.502,80.14,0.4745,10.219,0.000,47.45,80.14,-32.69,0,1,-0.97818,47.45,47.45,0.00,0,0,43.59,0.00,3.86,0.76,0.07,1.000,1.011,3.86,0,255.00,1,94.08,89.08,5.00,7.600,7.928,8.068,0.000,1.473,0.080,11.785,80.14,80,0.1142,8446,3551.98,3031.02,3191.29,4068.90,1.275,3191.29,0,2,100,637,0,1,1,1,735,4514,1,0,396832
99081,8.671,8.481,9.000,8.781,9.000,8.781,1.127,64.84,0.2734,9.335,0.000,27.34,64.84,-37.50,0,1,-1.00138,27.34,27.34,0.00,0,0,24.63,0.00,2.71,0.34,0.04,1.000,1.007,2.71,0,255.00,1,82.28,80.66,1.62,8.547,8.854,6.403,0.000,0.147,0.080,3.929,64.84,64,0.4407,7217,4156.85,3099.08,3220.08,5554.65,1.725,3220.08,0,2,111,792,0,1,1,1,900,1567,1,0,0
99223,6.692,7.223,9.000,8.857,9.000,8.857,0.733,55.24,0.5620,8.118,0.000,56.20,55.24,0.96,1,0,-1.04247,56.20,56.20,0.00,0,0,54.66,0.00,1.53,0.10,0.02,1.000,1.003,1.53,0,255.00,1,73.76,68.76,5.00,7.266,7.471,4.527,0.000,-0.637,0.006,23.422,55.24,55,0.4054,9087,3301.42,3174.40,3220.08,5554.65,1.725,3301.42,1,1,125,947,0,1,1,1,1069,374,1,0,0
99357,5.301,5.550,9.000,8.907,9.000,8.907,0.477,72.34,0.7949,7.794,0.000,79.49,72.34,7.15,1,0,-1.04247,79.49,79.49,0.00,0,0,78.64,0.00,0.85,0.03,0.01,1.000,1.001,0.85,0,255.00,1,84.24,79.24,5.00,5.563,5.625,4.989,9.807,-0.290,-0.069,92.215,72.34,72,0.3201,7301,4109.03,3196.69,3220.08,5554.65,1.725,3220.08,0,2,139,1082,0,1,1,1,1218,3414,1,0,0
99496,7.591,6.907,9.000,8.940,9.000,8.940,0.310,66.56,0.6471,7.588,0.000,64.71,66.56,-1.85,0,1,-1.18669,64.71,64.71,0.00,0,0,64.24,0.00,0.47,0.01,0.00,1.000,1.000,0.47,0,255.00,1,77.26,72.26,5.00,6.950,7.154,4.646,0.000,0.722,-0.004,30.258,66.56,67,-0.0545,7440,4032.26,3152.34,3105.81,4539.26,1.462,3105.81,0,2,154,1326,0,1,1,1,1476,8054,1,0,0
99597,8.540,8.072,9.000,8.955,9.000,8.955,0.233,51.26,0.4298,7.040,0.000,42.98,51.26,-8.29,0,1,-1.25485,42.98,42.98,0.00,0,0,42.66,0.00,0.31,0.00,0.00,1.000,1.000,0.31,0,255.00,1,61.44,56.44,5.00,8.135,8.432,3.687,0.000,0.459,0.043,4.817,51.26,51,0.1215,9891,3033.06,3121.04,3105.81,4539.26,1.462,3033.06,1,1,164,1497,0,1,1,1,1657,4522,1,0,0
99740,7.529,7.855,9.000,8.970,9.000,8.970,0.152,46.25,0.4905,6.141,0.000,49.05,46.25,2.80,1,0,-1.29907,49.05,49.05,0.00,0,0,48.88,0.00,0.17,0.00,0.00,1.000,1.000,0.17,0,255.00,1,50.33,45.33,5.00,7.902,8.129,2.607,0.000,-0.412,0.020,7.386,46.25,47,-0.4670,8212,3653.19,3113.61,3105.81,4539.26,1.462,3105.81,0,2,180,1702,0,1,1,1,1878,1784,1,0,0
99877,6.421,6.688,9.000,8.981,9.000,8.981,0.099,63.35,0.7020,5.887,0.000,70.20,63.35,6.85,1,0,-1.29907,70.20,70.20,0.00,0,0,70.11,0.00,0.09,0.00,0.00,1.000,1.000,0.09,0,255.00,1,67.05,62.05,5.00,6.702,6.769,3.709,9.435,-0.316,-0.037,40.618,63.35,63,0.4808,6762,4436.56,3163.14,3215.11,4312.95,1.341,3215.11,0,2,196,1825,0,1,1,1,2016,1719,1,0,396835
99981,7.312,6.996,9.000,8.986,9.000,8.986,0.074,66.50,0.6650,5.916,0.000,66.50,66.50,0.00,0,0,-1.35877,66.50,66.50,0.00,0,0,66.44,0.00,0.06,0.00,0.00,1.000,1.000,0.06,0,255.00,1,74.53,69.53,5.00,7.016,7.115,4.551,6.082,0.333,-0.021,30.166,66.50,66,0.0345,8328,3602.31,3181.85,3215.11,4312.95,1.341,3215.11,0,2,206,1936,0,1,1,1,2137,623,1,0,0
100119,8.697,8.333,9.000,8.991,9.000,8.991,0.048,45.79,0.4095,5.483,0.000,40.95,45.79,-4.84,0,1,-1.45908,40.95,40.95,0.00,0,0,40.92,0.00,0.03,0.00,0.00,1.000,1.000,0.03,0,255.00,1,53.79,50.06,3.73,8.376,8.586,3.444,0.000,0.362,0.035,2.719,45.79,45,0.3633,7456,4023.61,3198.08,3215.11,4312.95,1.341,3215.11,0,2,222,2191,0,1,1,1,2408,1791,1,0,0
100260,7.619,7.914,9.000,8.994,9.000,8.994,0.031,49.29,0.5118,4.948,0.000,51.18,49.29,1.89,1,0,-1.47337,51.18,51.18,0.00,0,0,51.16,0.00,0.02,0.00,0.00,1.000,1.000,0.02,0,255.00,1,51.23,46.23,5.00,7.948,8.108,2.653,2.002,-0.365,0.006,7.280,49.29,49,0.3878,6643,4516.03,3211.91,3224.91,4798.04,1.488,3224.91,0,2,234,2476,0,1,1,1,2704,3400,1,0,0
100394,6.742,6.892,9.000,8.996,9.000,8.996,0.020,66.39,0.7000,5.024,0.000,70.00,66.39,3.61,1,0,-1.47337,70.00,70.00,0.00,0,0,69.99,0.00,0.01,0.00,0.00,1.000,1.000,0.01,0,255.00,1,74.36,69.36,5.00,6.894,6.906,4.603,10.905,-0.171,-0.040,35.934,66.39,66,0.4601,6600,4545.45,3238.09,3224.91,4798.04,1.488,3224.91,0,2,250,2642,0,1,1,1,2886,6468,1,0,0
100498,7.699,7.323,9.000,8.997,9.000,8.997,0.015,64.73,0.6473,5.154,0.000,64.73,64.73,0.00,0,0,-1.58622,64.73,64.73,0.00,0,0,64.72,0.00,0.01,0.00,0.00,1.000,1.000,0.01,0,255.00,1,78.29,73.29,5.00,7.332,7.375,5.291,5.787,0.410,-0.018,23.716,64.73,65,-0.1269,6946,4319.03,3233.35,3224.91,4798.04,1.488,3224.91,0,2,261,2825,0,1,1,1,3080,3237,1,0,0
100637,8.827,8.643,9.000,8.998,9.000,8.998,0.010,41.78,0.3858,4.759,0.000,38.58,41.78,-3.20,0,1,-1.64305,38.58,38.58,0.00,0,0,38.58,0.00,0.00,0.00,0.00,1.000,1.000,0.00,0,255.00,1,51.57,49.62,1.96,8.675,8.830,3.741,0.000,0.171,0.038,1.588,41.78,42,0.1621,7004,4283.27,3234.71,3236.14,4814.75,1.488,3236.14,0,2,277,3156,0,1,1,1,3426,1061,1,0,0
100777,7.480,7.868,9.000,8.999,9.000,8.999,0.006,49.74,0.5532,4.397,0.000,55.32,49.74,5.58,1,0,-1.65285,55.32,55.32,0.00,0,0,55.32,0.00,0.00,0.00,0.00,1.000,1.000,0.00,0,255.00,1,55.12,50.12,5.00,7.885,7.967,3.198,4.687,-0.454,-0.005,9.397,49.74,49,0.2829,7631,3931.33,3235.41,3236.14,4814.75,1.488,3236.14,0,2,293,3400,0,1,1,1,3686,2811,1,0,0
100913,6.587,6.747,9.000,8.999,9.000,8.999,0.004,66.84,0.7479,4.636,0.000,74.79,66.84,7.95,1,0,-1.65285,74.79,74.79,0.00,0,0,74.79,0.00,0.00,0.00,0.00,1.000,1.000,0.00,0,255.00,1,80.13,75.13,5.00,6.735,6.675,5.401,11.308,-0.165,-0.052,44.544,66.84,67,-0.2963,6848,4380.84,3316.59,3640.25,4063.54,1.116,3640.25,0,2,310,3568,0,1,1,1,3871,6483,1,0,0
101013,7.580,7.193,9.000,8.999,9.000,8.999,0.003,68.86,0.6886,4.892,0.000,68.86,68.86,0.00,0,0,-1.70705,68.86,68.86,0.00,0,0,68.86,0.00,0.00,0.00,0.00,1.000,1.000,0.00,0,255.00,1,87.02,82.02,5.00,7.192,7.186,6.216,7.636,0.435,-0.027,30.223,68.86,69,0.1038,8439,3554.92,3416.04,3640.25,4063.54,1.116,3554.92,1,1,319,3688,0,1,1,1,4000,4252,1,0,0
101150,9.030,8.736,9.000,9.000,9.000,9.000,0.002,45.91,0.3954,4.632,0.000,39.54,45.91,-6.37,0,1,-1.76600,39.54,39.54,0.00,0,0,39.54,0.00,0.00,0.00,0.00,1.000,1.000,0.00,0,255.00,1,58.55,57.13,1.42,8.764,8.898,4.489,0.000,0.298,0.041,2.120,45.91,46,-0.2165,6380,4702.19,3525.46,3640.25,4063.54,1.116,3640.25,0,2,334,4215,0,1,1,1,4542,1769,1,0,0
101250,8.398,8.560,9.000,9.000,9.000,9.000,0.002,42.52,0.4252,4.328,0.000,42.52,42.52,0.00,0,0,-1.78699,42.52,42.52,0.00,0,0,42.52,0.00,0.00,0.00,0.00,1.000,1.000,0.00,0,255.00,1,51.19,48.69,2.50,8.586,8.710,3.562,0.000,-0.204,0.027,1.819,42.52,43,-0.0457,8296,3616.20,3561.97,3640.25,4063.54,1.116,3616.20,1,1,343,4714,0,1,1,1,5050,1668,1,0,0
101350,7.228,7.608,9.000,9.000,9.000,9.000,0.001,53.92,0.6280,4.272,0.000,62.80,53.92,8.87,1,0,-1.78699,62.80,62.80,0.00,0,0,62.80,0.00,0.00,0.00,0.00,1.000,1.000,0.00,0,255.00,1,63.17,58.17,5.00,7.611,7.627,4.015,7.533,-0.433,-0.019,16.242,53.92,54,0.1039,7635,3929.27,3315.79,2878.13,4392.94,1.526,2878.13,0,2,353,4911,0,1,1,1,5256,1496,1,0,0
101484,7.006,6.998,9.000,9.000,9.000,9.000,0.001,71.02,0.7316,4.612,0.000,73.16,71.02,2.13,1,0,-1.78699,73.16,73.16,0.00,0,0,73.16,0.00,0.00,0.00,0.00,1.000,1.000,0.00,0,255.00,1,86.82,81.82,5.00,6.990,6.955,6.022,10.932,0.021,-0.041,36.029,71.02,71,0.0783,6588,4553.73,3102.21,2878.13,4392.94,1.526,2878.13,0,2,369,5073,0,1,1,1,5434,3523,1,0,0
101588,8.167,7.802,9.000,9.000,9.000,9.000,0.001,60.38,0.6038,4.695,0.000,60.38,60.38,0.00,0,0,-1.87093,60.38,60.38,0.00,0,0,60.38,0.00,0.00,0.00,0.00,1.000,1.000,0.00,0,255.00,1,79.25,74.25,5.00,7.808,7.838,5.782,2.942,0.402,-0.002,15.285,60.38,61,-0.1904,9340,3211.99,3021.55,2878.13,4392.94,1.526,2878.13,0,2,380,5306,0,1,1,1,5678,2279,1,0,0
101726,8.815,8.737,9.000,9.000,9.000,9.000,0.000,42.26,0.4226,4.335,0.000,42.26,42.26,0.00,0,0,-1.90841,42.26,42.26,0.00,0,0,42.26,0.00,0.00,0.00,0.00,1.000,1.000,0.00,0,255.00,1,53.71,52.26,1.44,8.762,8.880,4.088,0.000,0.064,0.036,1.802,42.26,42,-0.1115,7806,3843.20,3117.13,3338.04,4291.77,1.286,3338.04,0,2,395,5814,0,1,1,1,6200,8440,1,0,0
101829,7.866,8.144,9.000,9.000,9.000,9.000,0.000,52.42,0.5399,4.210,0.000,53.99,52.42,1.57,1,0,-1.92492,53.99,53.99,0.00,0,0,53.99,0.00,0.00,0.00,0.00,1.000,1.000,0.00,0,255.00,1,59.47,54.47,5.00,8.165,8.264,3.612,3.369,-0.330,0.004,5.385,52.42,52,0.0250,10334,2903.04,3196.66,3338.04,4291.77,1.286,3338.04,0,2,403,6188,0,1,1,1,6582,2550,1,0,0
101964,7.098,7.208,9.000,9.000,9.000,9.000,0.000,69.52,0.7198,4.473,0.000,71.98,69.52,2.46,1,0,-1.92492,71.98,71.98,0.00,0,0,71.98,0.00,0.00,0.00,0.00,1.000,1.000,0.00,0,255.00,1,81.54,76.54,5.00,7.204,7.185,5.397,10.616,-0.118,-0.037,27.889,69.52,69,0.4797,6758,4439.18,3265.65,3338.04,4291.77,1.286,3338.04,0,2,420,6448,0,1,1,1,6859,6758,1,0,0
102068,8.099,7.806,9.000,9.000,9.000,9.000,0.000,62.56,0.6256,4.592,0.000,62.56,62.56,0.00,0,0,-2.00627,62.56,62.56,0.00,0,0,62.56,0.00,0.00,0.00,0.00,1.000,1.000,0.00,0,255.00,1,78.71,73.71,5.00,7.811,7.836,5.537,4.450,0.322,-0.007,14.141,62.56,62,0.0899,7151,4195.22,3273.70,3248.00,4357.07,1.341,3248.00,0,2,431,6742,0,1,1,1,7164,2426,1,0,0
102204,8.940,8.808,9.000,9.000,9.000,9.000,0.000,43.79,0.4379,4.285,0.000,43.79,43.79,0.00,0,0,-2.04168,43.79,43.79,0.00,0,0,43.79,0.00,0.00,0.00,0.00,1.000,1.000,0.00,0,255.00,1,52.88,51.87,1.01,8.832,8.951,3.915,0.000,0.124,0.034,1.077,43.79,44,0.0512,7067,4245.08,3261.16,3248.00,4357.07,1.341,3248.00,0,2,446,7345,0,1,1,1,7781,5016,1,0,0
102308,8.141,8.362,9.000,9.000,9.000,9.000,0.000,51.56,0.5156,4.146,0.000,51.56,51.56,0.00,0,0,-2.07267,51.56,51.56,0.00,0,0,51.56,0.00,0.00,0.00,0.00,1.000,1.000,0.00,0,255.00,1,55.99,52.26,3.73,8.384,8.492,3.368,2.392,-0.268,0.009,2.651,51.56,52,-0.5000,7061,4248.69,3256.42,3248.00,4357.07,1.341,3248.00,0,2,457,7705,0,1,1,1,8152,6324,1,0,0
102447,7.217,7.363,9.000,9.000,9.000,9.000,0.000,68.66,0.7174,4.374,0.000,71.74,68.66,3.08,1,0,-2.07267,71.74,71.74,0.00,0,0,71.74,0.00,0.00,0.00,0.00,1.000,1.000,0.00,0,255.00,1,78.73,73.73,5.00,7.359,7.340,5.068,10.383,-0.160,-0.035,23.073,68.66,68,0.3736,6788,4419.56,3268.84,3330.65,4440.87,1.333,3330.65,0,2,473,7954,0,1,1,1,8417,1661,1,0,0
102552,8.075,7.813,9.000,9.000,9.000,9.000,0.000,64.86,0.6486,4.531,0.000,64.86,64.86,0.00,0,0,-2.15255,64.86,64.86,0.00,0,0,64.86,0.00,0.00,0.00,0.00,1.000,1.000,0.00,0,255.00,1,79.61,74.61,5.00,7.816,7.828,5.486,5.563,0.289,-0.012,13.684,64.86,65,-0.1145,8867,3383.33,3301.63,3330.65,4440.87,1.333,3383.33,1,1,483,8249,0,1,1,1,8721,1015,1,0,0
102686,9.004,8.850,9.000,9.000,9.000,9.000,0.000,46.00,0.4600,4.274,0.000,46.00,46.00,0.00,0,0,-2.18714,46.00,46.00,0.00,0,0,46.00,0.00,0.00,0.00,0.00,1.000,1.000,0.00,0,255.00,1,54.10,53.33,0.77,8.873,8.982,3.949,0.000,0.151,0.032,0.828,46.00,46,-0.3474,6648,4512.64,3315.79,3330.65,4440.87,1.333,3330.65,0,2,496,9088,0,1,1,1,9573,1018,1,0,0
102789,8.366,8.541,9.000,9.000,9.000,9.000,0.000,50.64,0.5064,4.120,0.000,50.64,50.64,0.00,0,0,-2.20890,50.64,50.64,0.00,0,0,50.64,0.00,0.00,0.00,0.00,1.000,1.000,0.00,0,255.00,1,53.90,51.26,2.64,8.563,8.670,3.297,1.499,-0.216,0.013,1.232,50.64,51,0.0967,10621,2824.59,3321.14,3330.65,4440.87,1.333,3330.65,0,2,504,9541,0,1,1,1,10034,1753,1,0,0
102893,7.380,7.725,9.000,9.000,9.000,9.000,0.000,62.04,0.6749,4.191,0.000,67.49,62.04,5.45,1,0,-2.20890,67.49,67.49,0.00,0,0,67.49,0.00,0.00,0.00,0.00,1.000,1.000,0.00,0,255.00,1,68.64,63.64,5.00,7.726,7.732,4.159,9.005,-0.392,-0.025,13.425,62.04,62,0.4764,6514,4605.47,3055.51,2583.29,4059.45,1.571,2583.29,0,2,514,9806,0,1,1,1,10308,2827,1,0,0
103032,7.934,7.772,9.000,9.000,9.000,9.000,0.000,67.91,0.6791,4.495,0.000,67.91,67.91,0.00,0,0,-2.28796,67.91,67.91,0.00,0,0,67.91,0.00,0.00,0.00,0.00,1.000,1.000,0.00,0,255.00,1,81.39,76.39,5.00,7.771,7.767,5.499,7.100,0.180,-0.019,14.309,67.91,68,-0.2772,7758,3866.98,2825.07,2583.29,4059.45,1.571,2583.29,0,2,528,10113,0,1,1,1,10629,2448,1,0,0
103168,9.071,8.868,9.000,9.000,9.000,9.000,0.000,48.45,0.4845,4.298,0.000,48.45,48.45,0.00,0,0,-2.32648,48.45,48.45,0.00,0,0,48.45,0.00,0.00,0.00,0.00,1.000,1.000,0.00,0,255.00,1,56.59,55.92,0.68,8.888,8.982,4.123,0.000,0.209,0.029,0.827,48.45,48,0.0481,7031,4266.82,2707.08,2583.29,4059.45,1.571,2583.29,0,2,544,11045,0,1,1,1,11577,6621,1,0,0
103308,7.994,8.335,9.000,9.000,9.000,9.000,0.000,56.59,0.5701,4.127,0.000,57.01,56.59,0.42,1,0,-2.34010,57.01,57.01,0.00,0,0,57.01,0.00,0.00,0.00,0.00,1.000,1.000,0.00,0,255.00,1,59.57,55.64,3.93,8.351,8.428,3.454,4.432,-0.398,-0.001,2.995,56.59,57,-0.4615,8752,3427.79,2945.29,3195.22,4473.31,1.400,3195.22,0,2,557,11727,0,1,1,1,12271,1966,1,0,0
103446,7.745,7.787,9.000,9.000,9.000,9.000,0.000,69.09,0.6909,4.361,4.287,69.09,69.09,0.00,0,0,-2.37649,69.09,69.09,0.00,0,0,69.09,0.00,0.00,0.00,0.00,1.000,1.000,0.00,0,255.00,1,77.69,72.69,5.00,7.787,7.786,4.887,8.800,-0.049,-0.025,12.666,69.09,70,-0.4750,6236,4810.78,3067.26,3195.22,4473.31,1.400,3195.22,0,2,572,12032,0,1,1,1,12591,2784,1,0,0
103589,9.029,8.780,9.000,9.000,9.000,9.000,0.000,51.62,0.5162,4.283,4.286,51.62,51.62,0.00,0,0,-2.42693,51.62,51.62,0.00,0,0,51.62,0.00,0.00,0.00,0.00,1.000,1.000,0.00,0,255.00,1,58.71,57.48,1.24,8.796,8.870,4.098,0.000,0.264,0.020,0.807,51.62,52,0.0130,8692,3451.45,3135.93,3198.78,5050.70,1.579,3198.78,0,2,586,12752,0,1,1,1,13325,3599,1,0,1082732074
103727,8.349,8.564,9.000,9.000,9.000,9.000,0.000,54.85,0.5485,4.099,4.269,54.85,54.85,0.00,0,0,-2.45055,54.85,54.85,0.00,0,0,54.85,0.00,0.00,0.00,0.00,1.000,1.000,0.00,0,255.00,1,55.76,53.22,2.53,8.582,8.667,3.249,2.934,-0.258,0.005,1.082,54.85,55,0.2008,7312,4102.84,3166.60,3198.78,5050.70,1.579,3198.78,0,2,601,13515,0,1,1,1,14102,1303,1,0,1082729413
103829,7.895,8.107,9.000,9.000,9.000,9.000,0.000,64.79,0.6479,4.169,4.259,64.79,64.79,0.00,0,0,-2.49714,64.79,64.79,0.00,0,0,64.79,0.00,0.00,0.00,0.00,1.000,1.000,0.00,0,255.00,1,68.19,63.19,5.00,8.116,8.156,3.883,7.334,-0.246,-0.017,6.046,64.79,65,0.2369,6889,4354.77,3178.19,3198.78,5050.70,1.579,3198.78,0,2,612,13765,0,1,1,1,14363,6957,1,0,1082695046
103932,8.238,8.148,9.000,9.000,9.000,9.000,0.000,64.86,0.6486,4.285,4.255,64.86,64.86,0.00,0,0,-2.55118,64.86,64.86,0.00,0,0,64.86,0.00,0.00,0.00,0.00,1.000,1.000,0.00,0,255.00,1,72.54,67.54,5.00,8.153,8.174,4.489,6.196,0.093,-0.014,6.268,64.86,65,-0.4539,11407,2629.96,3185.60,3198.78,5050.70,1.579,3198.78,0,2,622,14050,0,1,1,1,14658,2790,1,0,1082673908
104032,8.932,8.701,9.000,9.000,9.000,9.000,0.000,55.52,0.5552,4.221,4.250,55.52,55.52,0.00,0,0,-2.57671,55.52,55.52,0.00,0,0,55.52,0.00,0.00,0.00,0.00,1.000,1.000,0.00,0,255.00,1,60.44,58.71,1.73,8.714,8.776,3.969,0.983,0.247,0.011,0.782,55.52,56,-0.3893,8375,3582.09,3096.98,2939.43,3747.77,1.275,2939.43,0,2,631,14550,0,1,1,1,15166,2960,1,0,1082665530
104137,8.796,8.797,9.000,9.000,9.000,9.000,0.000,54.52,0.5452,4.117,4.240,54.52,54.52,0.00,0,0,-2.58882,54.52,54.52,0.00,0,0,54.52,0.00,0.00,0.00,0.00,1.000,1.000,0.00,0,255.00,1,54.66,53.55,1.11,8.816,8.907,3.320,1.056,-0.019,0.013,0.137,54.52,55,-0.4775,10037,2988.94,3050.16,2939.43,3747.77,1.275,2988.94,1,1,641,14997,0,1,1,1,15623,3630,1,0,1082655748
104273,8.245,8.363,9.000,9.000,9.000,9.000,0.000,61.66,0.6166,4.112,4.223,61.66,61.66,0.00,0,0,-2.63280,61.66,61.66,0.00,0,0,61.66,0.00,0.00,0.00,0.00,1.000,1.000,0.00,0,255.00,1,63.32,59.52,3.80,8.372,8.418,3.607,5.613,-0.142,-0.009,2.902,61.66,62,0.1285,6481,4628.92,3003.74,2939.43,3747.77,1.275,2939.43,0,2,655,15524,0,1,1,1,16164,4132,1,0,1082634742
104380,8.410,8.367,9.000,9.000,9.000,9.000,0.000,62.27,0.6227,4.170,4.215,62.27,62.27,0.00,0,0,-2.67215,62.27,62.27,0.00,0,0,62.27,0.00,0.00,0.00,0.00,1.000,1.000,0.00,0,255.00,1,66.43,62.64,3.79,8.374,8.404,4.000,5.210,0.039,-0.009,3.162,62.27,62,0.3571,7482,4009.62,3010.93,3091.13,4173.03,1.350,3091.13,0,2,666,15895,0,1,1,1,16546,4252,1,0,1082598418
104516,8.860,8.764,9.000,9.000,9.000,9.000,0.000,57.17,0.5717,4.117,4.203,57.17,57.17,0.00,0,0,-2.70414,57.17,57.17,0.00,0,0,57.17,0.00,0.00,0.00,0.00,1.000,1.000,0.00,0,255.00,1,58.30,56.95,1.34,8.778,8.843,3.594,1.806,0.095,0.008,0.282,57.17,57,-0.2745,8095,3705.99,3050.07,3091.13,4173.03,1.350,3091.13,0,2,680,16587,0,1,1,1,17251,5323,1,0,1082582290
104623,8.713,8.733,9.000,9.000,9.000,9.000,0.000,57.85,0.5785,4.070,4.192,57.85,57.85,0.00,0,0,-2.71950,57.85,57.85,0.00,0,0,57.85,0.00,0.00,0.00,0.00,1.000,1.000,0.00,0,255.00,1,57.18,55.65,1.53,8.747,8.816,3.358,2.668,-0.036,0.005,0.361,57.85,58,0.0057,11763,2550.37,3064.85,3091.13,4173.03,1.350,3091.13,0,2,689,17017,0,1,1,1,17690,1700,1,0,1082556494
104759,8.499,8.539,9.000,9.000,9.000,9.000,0.000,60.83,0.6083,4.077,4.175,60.83,60.83,0.00,0,0,-2.75601,60.83,60.83,0.00,0,0,60.83,0.00,0.00,0.00,0.00,1.000,1.000,0.00,0,255.00,1,61.80,59.06,2.74,8.547,8.586,3.607,4.678,-0.055,-0.006,1.480,60.83,61,-0.1751,7338,4088.31,3064.84,3026.93,5496.27,1.816,3026.93,0,2,704,17665,0,1,1,1,18353,7338,1,0,1082532520
104864,8.631,8.587,9.000,9.000,9.000,9.000,0.000,60.78,0.6078,4.094,4.166,60.78,60.78,0.00,0,0,-2.78225,60.78,60.78,0.00,0,0,60.78,0.00,0.00,0.00,0.00,1.000,1.000,0.00,0,255.00,1,62.60,60.14,2.46,8.594,8.628,3.764,4.143,0.041,-0.004,1.223,60.78,61,-0.3045,9302,3225.11,3070.82,3026.93,5496.27,1.816,3026.93,0,2,713,18071,0,1,1,1,18767,1679,1,0,1082496990
104966,8.769,8.718,9.000,9.000,9.000,9.000,0.000,59.59,0.5959,4.081,4.156,59.59,59.59,0.00,0,0,-2.80086,59.59,59.59,0.00,0,0,59.59,0.00,0.00,0.00,0.00,1.000,1.000,0.00,0,255.00,1,60.43,58.78,1.65,8.727,8.773,3.664,3.091,0.047,0.002,0.487,59.59,59,0.3853,10184,2945.80,3038.79,3026.93,5496.27,1.816,2945.80,1,1,723,18512,0,1,1,1,19218,2672,1,0,1082477537
105067,8.728,8.733,9.000,9.000,9.000,9.000,0.000,59.87,0.5987,4.056,4.141,59.87,59.87,0.00,0,0,-2.82475,59.87,59.87,0.00,0,0,59.87,0.00,0.00,0.00,0.00,1.000,1.000,0.00,0,255.00,1,59.61,58.06,1.55,8.743,8.790,3.540,3.382,-0.016,0.001,0.416,59.87,59,0.4757,10652,2816.37,3033.80,3026.93,5496.27,1.816,3026.93,0,2,732,18927,0,1,1,1,19642,6479,1,0,1082458007
105171,8.734,8.735,9.000,9.000,9.000,9.000,0.000,60.14,0.6014,4.047,4.131,60.14,60.14,0.00,0,0,-2.84057,60.14,60.14,0.00,0,0,60.14,0.00,0.00,0.00,0.00,1.000,1.000,0.00,0,255.00,1,59.71,58.17,1.55,8.745,8.789,3.534,3.564,-0.012,-0.000,0.418,60.14,61,-0.4122,12897,2326.12,2903.85,2672.84,3887.76,1.455,2672.84,0,2,742,19403,0,1,1,1,20127,7491,1,0,1082426044
105272,8.733,8.727,9.000,9.000,9.000,9.000,0.000,60.56,0.6056,4.045,4.121,60.56,60.56,0.00,0,0,-2.85713,60.56,60.56,0.00,0,0,60.56,0.00,0.00,0.00,0.00,1.000,1.000,0.00,0,255.00,1,60.34,58.74,1.60,8.736,8.775,3.583,3.769,-0.002,-0.001,0.461,60.56,61,-0.3808,9837,3049.71,2820.69,2672.84,3887.76,1.455,2672.84,0,2,751,19831,0,1,1,1,20564,1672,1,0,1082404255
105376,8.742,8.731,9.000,9.000,9.000,9.000,0.000,60.83,0.6083,4.047,4.111,60.83,60.83,0.00,0,0,-2.87360,60.83,60.83,0.00,0,0,60.83,0.00,0.00,0.00,0.00,1.000,1.000,0.00,0,255.00,1,60.87,59.29,1.58,8.739,8.774,3.639,3.825,0.004,-0.002,0.460,60.83,61,0.2514,10178,2947.53,2767.46,2672.84,3887.76,1.455,2672.84,0,2,759,20259,0,1,1,1,21000,8485,1,0,1082383277
105477,8.782,8.768,9.000,9.000,9.000,9.000,0.000,60.66,0.6066,4.043,4.102,60.66,60.66,0.00,0,0,-2.88799,60.66,60.66,0.00,0,0,60.66,0.00,0.00,0.00,0.00,1.000,1.000,0.00,0,255.00,1,60.56,59.20,1.36,8.775,8.811,3.640,3.607,0.008,-0.000,0.329,60.66,61,-0.3689,10437,2874.39,2711.08,2561.26,4098.02,1.600,2561.26,0,2,767,20629,0,1,1,1,21378,5101,1,0,1082363621
105578,8.760,8.766,9.000,9.000,9.000,9.000,0.000,60.96,0.6096,4.040,4.094,60.96,60.96,0.00,0,0,-2.90184,60.96,60.96,0.00,0,0,60.96,0.00,0.00,0.00,0.00,1.000,1.000,0.00,0,255.00,1,60.83,59.46,1.37,8.773,8.806,3.654,3.767,-0.014,-0.001,0.343,60.96,61,0.3296,6521,4600.52,2657.15,2561.26,4098.02,1.600,2561.26,0,2,778,21025,0,1,1,1,21784,6521,1,0,1082344768
105683,8.807,8.789,9.000,9.000,9.000,9.000,0.000,60.94,0.6094,4.039,4.085,60.94,60.94,0.00,0,0,-2.91515,60.94,60.94,0.00,0,0,60.94,0.00,0.00,0.00,0.00,1.000,1.000,0.00,0,255.00,1,60.80,59.56,1.24,8.795,8.827,3.669,3.663,0.014,-0.001,0.275,60.94,61,0.3381,8951,3351.58,2622.63,2561.26,4098.02,1.600,2561.26,0,2,786,21644,0,1,1,1,22411,5134,1,0,1082326592
105784,8.792,8.788,9.000,9.000,9.000,9.000,0.000,61.19,0.6119,4.038,4.078,61.19,61.19,0.00,0,0,-2.92795,61.19,61.19,0.00,0,0,61.19,0.00,0.00,0.00,0.00,1.000,1.000,0.00,0,255.00,1,61.09,59.85,1.24,8.795,8.824,3.690,3.780,-0.003,-0.001,0.280,61.19,62,-0.3590,10433,2875.49,2600.54,2561.26,4098.02,1.600,2561.26,0,2,795,22245,0,1,1,1,23021,2514,1,0,1082309434
105889,8.823,8.808,9.000,9.000,9.000,9.000,0.000,61.18,0.6118,4.036,4.070,61.18,61.18,0.00,0,0,-2.93992,61.18,61.18,0.00,0,0,61.18,0.00,0.00,0.00,0.00,1.000,1.000,0.00,0,255.00,1,61.04,59.92,1.12,8.815,8.844,3.701,3.695,0.010,-0.000,0.224,61.18,61,0.0881,10374,2891.84,2607.77,2620.62,3930.92,1.500,2620.62,0,2,804,22925,0,1,1,1,23709,6359,1,0,1082293207
105991,8.792,8.801,9.000,9.000,9.000,9.000,0.000,61.49,0.6149,4.036,4.064,61.49,61.49,0.00,0,0,-2.95153,61.49,61.49,0.00,0,0,61.49,0.00,0.00,0.00,0.00,1.000,1.000,0.00,0,255.00,1,61.40,60.24,1.17,8.807,8.834,3.722,3.871,-0.016,-0.001,0.249,61.49,62,-0.1663,9352,3207.87,2612.39,2620.62,3930.92,1.500,2620.62,0,2,815,23665,0,1,1,1,24460,1671,1,0,1082277965
106091,8.820,8.808,9.000,9.000,9.000,9.000,0.000,61.65,0.6165,4.039,4.057,61.65,61.65,0.00,0,0,-2.96347,61.65,61.65,0.00,0,0,61.65,0.00,0.00,0.00,0.00,1.000,1.000,0.00,0,255.00,1,61.75,60.61,1.13,8.813,8.837,3.763,3.874,0.008,-0.001,0.238,61.65,61,0.1812,12574,2385.88,2615.35,2620.62,3930.92,1.500,2620.62,0,2,822,24409,0,1,1,1,25211,11300,1,0,1082263622
106195,8.831,8.829,9.000,9.000,9.000,9.000,0.000,61.60,0.6160,4.038,4.052,61.60,61.60,0.00,0,0,-2.97381,61.60,61.60,0.00,0,0,61.60,0.00,0.00,0.00,0.00,1.000,1.000,0.00,0,255.00,1,61.58,60.57,1.00,8.834,8.859,3.761,3.771,-0.003,-0.001,0.181,61.60,61,0.3021,11946,2511.30,2638.95,2729.12,4690.67,1.719,2729.12,0,2,831,25045,0,1,1,1,25856,4710,1,0,1082250750
106295,8.834,8.837,9.000,9.000,9.000,9.000,0.000,61.68,0.6168,4.036,4.046,61.68,61.68,0.00,0,0,-2.98347,61.68,61.68,0.00,0,0,61.68,0.00,0.00,0.00,0.00,1.000,1.000,0.00,0,255.00,1,61.57,60.62,0.95,8.842,8.866,3.761,3.798,-0.009,-0.001,0.163,61.68,62,-0.4644,9346,3209.93,2671.41,2729.12,4690.67,1.719,2729.12,0,2,840,25583,0,1,1,1,26402,980,1,0,1082238764
106399,8.841,8.840,9.000,9.000,9.000,9.000,0.000,61.84,0.6184,4.036,4.041,61.84,61.84,0.00,0,0,-2.99307,61.84,61.84,0.00,0,0,61.84,0.00,0.00,0.00,0.00,1.000,1.000,0.00,0,255.00,1,61.75,60.82,0.94,8.845,8.868,3.777,3.856,-0.005,-0.001,0.159,61.84,62,0.1182,11104,2701.73,2686.71,2729.12,4690.67,1.719,2701.73,1,1,848,26053,0,1,1,1,26880,2925,1,0,1082227479
106502,8.819,8.828,9.000,9.000,9.000,9.000,0.000,62.18,0.6218,4.040,4.037,62.18,62.18,0.00,0,0,-3.00312,62.18,62.18,0.00,0,0,62.18,0.00,0.00,0.00,0.00,1.000,1.000,0.00,0,255.00,1,62.32,61.30,1.02,8.832,8.850,3.818,4.032,-0.014,-0.002,0.197,62.18,62,0.2648,6102,4916.42,2701.97,2729.12,4690.67,1.719,2729.12,0,2,861,26417,0,1,1,1,27257,6004,1,0,1082217096
106641,8.833,8.837,9.000,9.000,9.000,9.000,0.000,62.35,0.6235,4.046,4.032,62.35,62.35,0.00,0,0,-3.01752,62.35,62.35,0.00,0,0,62.35,0.00,0.00,0.00,0.00,1.000,1.000,0.00,0,255.00,1,62.65,61.69,0.96,8.841,8.858,3.860,4.008,-0.009,-0.002,0.178,62.35,62,-0.0719,6881,4359.83,2784.73,2871.55,4512.44,1.571,2871.55,0,2,876,26791,0,1,1,1,27645,3088,1,0,1082207942
106742,8.881,8.866,9.000,9.000,9.000,9.000,0.000,62.26,0.6226,4.049,4.027,62.26,62.26,0.00,0,0,-3.03064,62.26,62.26,0.00,0,0,62.26,0.00,0.00,0.00,0.00,1.000,1.000,0.00,0,255.00,1,62.50,61.71,0.79,8.870,8.887,3.870,3.817,0.013,-0.001,0.115,62.26,62,-0.1125,8900,3370.79,2827.10,2871.55,4512.44,1.571,2871.55,0,2,886,26932,0,1,1,1,27796,1720,1,0,1082196596
106842,8.850,8.855,9.000,9.000,9.000,9.000,0.000,62.55,0.6255,4.052,4.025,62.55,62.55,0.00,0,0,-3.03912,62.55,62.55,0.00,0,0,62.55,0.00,0.00,0.00,0.00,1.000,1.000,0.00,0,255.00,1,62.84,61.98,0.86,8.859,8.874,3.886,3.987,-0.010,-0.001,0.140,62.55,63,-0.1698,6767,4433.28,2843.10,2871.55,4512.44,1.571,2871.55,0,2,897,27197,0,1,1,1,28072,2867,1,0,1082187699
106950,8.883,8.871,9.000,9.000,9.000,9.000,0.000,62.53,0.6253,4.055,4.023,62.53,62.53,0.00,0,0,-3.04724,62.53,62.53,0.00,0,0,62.53,0.00,0.00,0.00,0.00,1.000,1.000,0.00,0,255.00,1,62.80,62.04,0.76,8.874,8.890,3.895,3.887,0.010,-0.001,0.109,62.53,63,-0.0420,7067,4245.08,2954.30,3376.32,4318.55,1.279,3376.32,0,2,909,27392,0,1,1,1,28279,3094,1,0,1082182793
107052,8.855,8.861,9.000,9.000,9.000,9.000,0.000,62.81,0.6281,4.059,4.022,62.81,62.81,0.00,0,0,-3.05540,62.81,62.81,0.00,0,0,62.81,0.00,0.00,0.00,0.00,1.000,1.000,0.00,0,255.00,1,63.16,62.34,0.83,8.864,8.877,3.916,4.034,-0.009,-0.001,0.133,62.81,62,0.4143,10157,2953.63,3106.22,3376.32,4318.55,1.279,3376.32,0,2,918,27689,0,1,1,1,28584,1766,1,0,1082178837
107152,8.877,8.874,9.000,9.000,9.000,9.000,0.000,62.80,0.6280,4.062,4.021,62.80,62.80,0.00,0,0,-3.06303,62.80,62.80,0.00,0,0,62.80,0.00,0.00,0.00,0.00,1.000,1.000,0.00,0,255.00,1,63.13,62.39,0.74,8.877,8.890,3.924,3.954,-0.000,-0.001,0.107,62.80,63,-0.0309,8050,3726.71,3203.46,3376.32,4318.55,1.279,3376.32,0,2,929,27905,0,1,1,1,28811,1664,1,0,1082175744
107254,8.883,8.883,9.000,9.000,9.000,9.000,0.000,62.84,0.6284,4.063,4.020,62.84,62.84,0.00,0,0,-3.07010,62.84,62.84,0.00,0,0,62.84,0.00,0.00,0.00,0.00,1.000,1.000,0.00,0,255.00,1,63.10,62.41,0.69,8.886,8.899,3.923,3.932,-0.002,-0.001,0.090,62.84,63,-0.4195,8765,3422.70,3274.97,3376.32,4318.55,1.279,3422.70,1,1,939,28121,0,1,1,1,29037,1749,1,0,1082173497
107354,8.860,8.872,9.000,9.000,9.000,9.000,0.000,63.10,0.6310,4.067,4.019,63.10,63.10,0.00,0,0,-3.07736,63.10,63.10,0.00,0,0,63.10,0.00,0.00,0.00,0.00,1.000,1.000,0.00,0,255.00,1,63.44,62.68,0.76,8.875,8.887,3.941,4.079,-0.017,-0.001,0.113,63.10,64,-0.4539,8314,3608.37,3116.27,2834.14,3643.89,1.286,2834.14,0,2,949,28289,0,1,1,1,29214,1682,1,0,1082171840
107459,8.905,8.888,9.000,9.000,9.000,9.000,0.000,63.06,0.6306,4.071,4.019,63.06,63.06,0.00,0,0,-3.08463,63.06,63.06,0.00,0,0,63.06,0.00,0.00,0.00,0.00,1.000,1.000,0.00,0,255.00,1,63.44,62.77,0.66,8.891,8.902,3.958,3.949,0.016,-0.001,0.085,63.06,63,-0.1903,7508,3995.74,3014.70,2834.14,3643.89,1.286,2834.14,0,2,959,28540,0,1,1,1,29475,5008,1,0,1082170850
107562,8.884,8.886,9.000,9.000,9.000,9.000,0.000,63.21,0.6321,4.075,4.020,63.21,63.21,0.00,0,0,-3.09141,63.21,63.21,0.00,0,0,63.21,0.00,0.00,0.00,0.00,1.000,1.000,0.00,0,255.00,1,63.59,62.92,0.67,8.888,8.900,3.966,4.014,-0.004,-0.001,0.089,63.21,63,0.1461,6665,4501.13,2949.70,2834.14,3643.89,1.286,2834.14,0,2,970,28773,0,1,1,1,29719,7442,1,0,1082170806
107704,8.900,8.901,9.000,9.000,9.000,9.000,0.000,63.27,0.6327,4.077,4.021,63.27,63.27,0.00,0,0,-3.10348,63.27,63.27,0.00,0,0,63.27,0.00,0.00,0.00,0.00,1.000,1.000,0.00,0,255.00,1,63.49,62.91,0.58,8.904,8.915,3.960,3.975,-0.004,-0.001,0.064,63.27,63,-0.0384,6379,4702.93,2969.40,3273.78,4754.78,1.452,3273.78,0,2,986,29055,0,1,1,1,30017,1667,1,0,1082171330
107842,8.905,8.907,9.000,9.000,9.000,9.000,0.000,63.42,0.6342,4.080,4.022,63.42,63.42,0.00,0,0,-3.11469,63.42,63.42,0.00,0,0,63.42,0.00,0.00,0.00,0.00,1.000,1.000,0.00,0,255.00,1,63.60,63.05,0.55,8.909,8.920,3.969,4.011,-0.004,-0.001,0.057,63.42,63,0.3384,7446,4029.01,3128.24,3273.78,4754.78,1.452,3273.78,0,2,1001,29283,0,1,1,1,30259,1668,1,0,1082173585
107946,8.904,8.908,9.000,9.000,9.000,9.000,0.000,63.56,0.6356,4.083,4.024,63.56,63.56,0.00,0,0,-3.12272,63.56,63.56,0.00,0,0,63.56,0.00,0.00,0.00,0.00,1.000,1.000,0.00,0,255.00,1,63.76,63.22,0.54,8.910,8.920,3.982,4.052,-0.007,-0.001,0.057,63.56,64,-0.2156,8062,3721.16,3199.26,3273.78,4754.78,1.452,3273.78,0,2,1011,29433,0,1,1,1,30419,1722,1,0,1082177126
108048,8.898,8.903,9.000,9.000,9.000,9.000,0.000,63.74,0.6374,4.088,4.025,63.74,63.74,0.00,0,0,-3.12841,63.74,63.74,0.00,0,0,63.74,0.00,0.00,0.00,0.00,1.000,1.000,0.00,0,255.00,1,64.07,63.49,0.58,8.905,8.913,4.005,4.121,-0.007,-0.001,0.067,63.74,64,0.1534,8880,3378.38,3247.01,3273.78,4754.78,1.452,3378.38,1,1,1022,29612,0,1,1,1,30609,1102,1,0,1082180647
108148,8.926,8.924,9.000,9.000,9.000,9.000,0.000,63.63,0.6363,4.089,4.028,63.63,63.63,0.00,0,0,-3.13548,63.63,63.63,0.00,0,0,63.63,0.00,0.00,0.00,0.00,1.000,1.000,0.00,0,255.00,1,63.81,63.37,0.45,8.926,8.935,3.997,3.975,0.000,-0.000,0.038,63.63,64,-0.0026,7725,3883.50,3132.11,3011.56,3892.99,1.293,3011.56,0,2,1032,29771,0,1,1,1,30777,2618,1,0,1082183622
108254,8.924,8.918,9.000,9.000,9.000,9.000,0.000,63.80,0.6380,4.093,4.029,63.80,63.80,0.00,0,0,-3.14061,63.80,63.80,0.00,0,0,63.80,0.00,0.00,0.00,0.00,1.000,1.000,0.00,0,255.00,1,64.08,63.59,0.49,8.919,8.927,4.015,4.057,0.005,-0.001,0.047,63.80,64,-0.3663,6943,4320.90,3088.71,3011.56,3892.99,1.293,3011.56,0,2,1044,29978,0,1,1,1,30996,5459,1,0,1082188518
108355,8.906,8.917,9.000,9.000,9.000,9.000,0.000,63.90,0.6390,4.095,4.031,63.90,63.90,0.00,0,0,-3.14518,63.90,63.90,0.00,0,0,63.90,0.00,0.00,0.00,0.00,1.000,1.000,0.00,0,255.00,1,64.16,63.67,0.49,8.919,8.926,4.018,4.096,-0.015,-0.001,0.048,63.90,64,0.2331,8098,3704.62,3060.94,3011.56,3892.99,1.293,3011.56,0,2,1055,30160,0,1,1,1,31189,5075,1,0,1082192171
108460,8.944,8.937,9.000,9.000,9.000,9.000,0.000,63.75,0.6375,4.095,4.033,63.75,63.75,0.00,0,0,-3.14922,63.75,63.75,0.00,0,0,63.75,0.00,0.00,0.00,0.00,1.000,1.000,0.00,0,255.00,1,63.89,63.52,0.37,8.939,8.947,4.009,3.947,0.006,-0.000,0.025,63.75,64,-0.2099,6568,4567.60,3043.16,3011.56,3892.99,1.293,3011.56,0,2,1066,30346,0,1,1,1,31386,5747,1,0,1082195982
108560,8.940,8.932,9.000,9.000,9.000,9.000,0.000,63.89,0.6389,4.097,4.035,63.89,63.89,0.00,0,0,-3.15358,63.89,63.89,0.00,0,0,63.89,0.00,0.00,0.00,0.00,1.000,1.000,0.00,0,255.00,1,64.07,63.67,0.40,8.933,8.941,4.019,4.023,0.007,-0.000,0.031,63.89,64,-0.3589,10139,2958.87,3126.70,3275.20,4803.63,1.467,3275.20,0,2,1077,30592,0,1,1,1,31642,3837,1,0,1082199886
108663,8.929,8.928,9.000,9.000,9.000,9.000,0.000,64.07,0.6407,4.102,4.038,64.07,64.07,0.00,0,0,-3.16020,64.07,64.07,0.00,0,0,64.07,0.00,0.00,0.00,0.00,1.000,1.000,0.00,0,255.00,1,64.34,63.91,0.43,8.929,8.935,4.040,4.086,-0.000,-0.001,0.037,64.07,64,-0.2224,9196,3262.29,3194.52,3275.20,4803.63,1.467,3262.29,1,1,1087,30730,0,1,1,1,31790,4326,1,0,1082203947
108769,8.920,8.928,9.000,9.000,9.000,9.000,0.000,64.15,0.6415,4.104,4.040,64.15,64.15,0.00,0,0,-3.16429,64.15,64.15,0.00,0,0,64.15,0.00,0.00,0.00,0.00,1.000,1.000,0.00,0,255.00,1,64.43,64.00,0.43,8.929,8.935,4.046,4.111,-0.009,-0.001,0.037,64.15,64,-0.0518,7344,4084.97,3223.57,3275.20,4803.63,1.467,3275.20,0,2,1099,30890,0,1,1,1,31962,5340,1,0,1082210534
108869,8.949,8.947,9.000,9.000,9.000,9.000,0.000,64.03,0.6403,4.105,4.044,64.03,64.03,0.00,0,0,-3.16971,64.03,64.03,0.00,0,0,64.03,0.00,0.00,0.00,0.00,1.000,1.000,0.00,0,255.00,1,64.17,63.86,0.31,8.949,8.956,4.036,3.969,0.001,-0.000,0.018,64.03,64,0.2056,7326,4095.00,3246.27,3262.74,4583.37,1.405,3262.74,0,2,1114,31081,0,1,1,1,32168,1721,1,0,1082215140
108975,8.936,8.943,9.000,9.000,9.000,9.000,0.000,64.14,0.6414,4.105,4.046,64.14,64.14,0.00,0,0,-3.17286,64.14,64.14,0.00,0,0,64.14,0.00,0.00,0.00,0.00,1.000,1.000,0.00,0,255.00,1,64.21,63.88,0.33,8.945,8.951,4.030,4.050,-0.010,-0.000,0.021,64.14,64,0.3525,6392,4693.37,3252.20,3262.74,4583.37,1.405,3262.74,0,2,1120,31146,0,1,1,1,32238,6392,1,0,1082222223
109076,8.943,8.947,9.000,9.000,9.000,9.000,0.000,64.15,0.6415,4.105,4.048,64.15,64.15,0.00,0,0,-3.17589,64.15,64.15,0.00,0,0,64.15,0.00,0.00,0.00,0.00,1.000,1.000,0.00,0,255.00,1,64.18,63.87,0.31,8.949,8.955,4.027,4.045,-0.006,-0.000,0.018,64.15,65,-0.4290,6332,4737.84,3255.99,3262.74,4583.37,1.405,3262.74,0,2,1131,31312,0,1,1,1,32415,6889,1,0,1082226657
109178,8.949,8.951,9.000,9.000,9.000,9.000,0.000,64.16,0.6416,4.104,4.050,64.16,64.16,0.00,0,0,-3.17876,64.16,64.16,0.00,0,0,64.16,0.00,0.00,0.00,0.00,1.000,1.000,0.00,0,255.00,1,64.16,63.87,0.29,8.952,8.959,4.026,4.041,-0.004,-0.000,0.015,64.16,64,-0.1575,7241,4143.07,3258.42,3262.74,4583.37,1.405,3262.74,0,2,1142,31451,0,1,1,1,32565,2922,1,0,1082230969
109284,8.920,8.930,9.000,9.000,9.000,9.000,0.000,64.49,0.6449,4.109,4.052,64.49,64.49,0.00,0,0,-3.18263,64.49,64.49,0.00,0,0,64.49,0.00,0.00,0.00,0.00,1.000,1.000,0.00,0,255.00,1,64.71,64.29,0.42,8.931,8.934,4.061,4.240,-0.012,-0.001,0.036,64.49,65,-0.3502,6519,4601.93,3225.96,3092.65,4599.33,1.487,3092.65,0,2,1153,31599,0,1,1,1,32724,6252,1,0,1082235160
109385,8.929,8.936,9.000,9.000,9.000,9.000,0.000,64.50,0.6450,4.113,4.054,64.50,64.50,0.00,0,0,-3.18629,64.50,64.50,0.00,0,0,64.50,0.00,0.00,0.00,0.00,1.000,1.000,0.00,0,255.00,1,64.82,64.43,0.39,8.936,8.939,4.080,4.182,-0.008,-0.001,0.032,64.50,65,-0.4772,9872,3038.90,3167.22,3092.65,4599.33,1.487,3038.90,1,1,1162,31695,0,1,1,1,32828,3838,1,0,1082239645
109492,8.956,8.951,9.000,9.000,9.000,9.000,0.000,64.37,0.6437,4.115,4.057,64.37,64.37,0.00,0,0,-3.18938,64.37,64.37,0.00,0,0,64.37,0.00,0.00,0.00,0.00,1.000,1.000,0.00,0,255.00,1,64.63,64.34,0.29,8.952,8.957,4.077,4.045,0.005,-0.000,0.017,64.37,64,0.3047,6687,4486.32,3140.37,3092.65,4599.33,1.487,3092.65,0,2,1173,31832,0,1,1,1,32976,6320,1,0,1082244489
109592,8.978,8.972,9.000,9.000,9.000,9.000,0.000,64.17,0.6417,4.111,4.059,64.17,64.17,0.00,0,0,-3.19127,64.17,64.17,0.00,0,0,64.17,0.00,0.00,0.00,0.00,1.000,1.000,0.00,0,255.00,1,64.16,63.99,0.16,8.973,8.980,4.044,3.902,0.005,0.000,0.004,64.17,64,-0.3026,7546,3975.62,3123.19,3092.65,4599.33,1.487,3092.65,0,2,1184,31951,0,1,1,1,33106,5201,1,0,1082249439
109695,8.944,8.951,9.000,9.000,9.000,9.000,0.000,64.47,0.6447,4.113,4.061,64.47,64.47,0.00,0,0,-3.19402,64.47,64.47,0.00,0,0,64.47,0.00,0.00,0.00,0.00,1.000,1.000,0.00,0,255.00,1,64.53,64.24,0.29,8.952,8.956,4.055,4.133,-0.008,-0.001,0.017,64.47,65,-0.4740,11369,2638.75,3055.26,2934.50,4075.69,1.389,2934.50,0,2,1194,32085,0,1,1,1,33249,3884,1,0,1082253933
109801,8.958,8.957,9.000,9.000,9.000,9.000,0.000,64.47,0.6447,4.114,4.064,64.47,64.47,0.00,0,0,-3.19795,64.47,64.47,0.00,0,0,64.47,0.00,0.00,0.00,0.00,1.000,1.000,0.00,0,255.00,1,64.57,64.31,0.25,8.958,8.963,4.065,4.089,-0.000,-0.000,0.012,64.47,65,-0.1049,7730,3880.98,2996.33,2934.50,4075.69,1.389,2934.50,0,2,1205,32236,0,1,1,1,33411,2800,1,0,1082258255
109937,8.950,8.954,9.000,9.000,9.000,9.000,0.000,64.66,0.6466,4.118,4.070,64.66,64.66,0.00,0,0,-3.20517,64.66,64.66,0.00,0,0,64.66,0.00,0.00,0.00,0.00,1.000,1.000,0.00,0,255.00,1,64.81,64.54,0.28,8.954,8.957,4.082,4.165,-0.005,-0.001,0.016,64.66,65,0.0216,6462,4642.53,2950.70,2934.50,4075.69,1.389,2934.50,0,2,1220,32436,0,1,1,1,33626,4041,1,0,1082264801
110043,8.987,8.977,9.000,9.000,9.000,9.000,0.000,64.41,0.6441,4.116,4.072,64.41,64.41,0.00,0,0,-3.20689,64.41,64.41,0.00,0,0,64.41,0.00,0.00,0.00,0.00,1.000,1.000,0.00,0,255.00,1,64.42,64.29,0.13,8.978,8.983,4.067,3.964,0.011,0.000,0.003,64.41,64,-0.0316,6580,4559.27,3008.32,3251.73,4722.75,1.452,3251.73,0,2,1231,32574,0,1,1,1,33775,3853,1,0,1082277489
110145,8.952,8.958,9.000,9.000,9.000,9.000,0.000,64.69,0.6469,4.118,4.074,64.69,64.69,0.00,0,0,-3.20923,64.69,64.69,0.00,0,0,64.69,0.00,0.00,0.00,0.00,1.000,1.000,0.00,0,255.00,1,64.79,64.54,0.25,8.959,8.961,4.081,4.163,-0.007,-0.001,0.013,64.69,64,0.2470,6234,4812.32,3095.95,3251.73,4722.75,1.452,3251.73,0,2,1242,32701,0,1,1,1,33912,1744,1,0,1082281570
110250,8.964,8.966,9.000,9.000,9.000,9.000,0.000,64.63,0.6463,4.119,4.076,64.63,64.63,0.00,0,0,-3.21119,64.63,64.63,0.00,0,0,64.63,0.00,0.00,0.00,0.00,1.000,1.000,0.00,0,255.00,1,64.71,64.51,0.20,8.967,8.970,4.081,4.097,-0.003,-0.000,0.008,64.63,64,0.4559,8144,3683.69,3152.03,3251.73,4722.75,1.452,3251.73,0,2,1251,32854,0,1,1,1,34074,3801,1,0,1082285569
110350,8.968,8.971,9.000,9.000,9.000,9.000,0.000,64.60,0.6460,4.118,4.078,64.60,64.60,0.00,0,0,-3.21285,64.60,64.60,0.00,0,0,64.60,0.00,0.00,0.00,0.00,1.000,1.000,0.00,0,255.00,1,64.63,64.46,0.17,8.972,8.976,4.075,4.072,-0.004,-0.000,0.005,64.60,65,-0.3884,7956,3770.74,3187.92,3251.73,4722.75,1.452,3251.73,0,2,1262,32976,0,1,1,1,34207,4388,1,0,1082289525
110486,8.981,8.977,9.000,9.000,9.000,9.000,0.000,64.59,0.6459,4.119,4.080,64.59,64.59,0.00,0,0,-3.21548,64.59,64.59,0.00,0,0,64.59,0.00,0.00,0.00,0.00,1.000,1.000,0.00,0,255.00,1,64.59,64.46,0.13,8.978,8.982,4.077,4.034,0.003,0.000,0.003,64.59,65,-0.4529,6205,4834.81,3057.33,2920.32,3812.63,1.306,2920.32,0,2,1278,33168,0,1,1,1,34414,4087,1,0,1082293284
110587,8.983,8.983,9.000,9.000,9.000,9.000,0.000,64.56,0.6456,4.114,4.084,64.56,64.56,0.00,0,0,-3.21806,64.56,64.56,0.00,0,0,64.56,0.00,0.00,0.00,0.00,1.000,1.000,0.00,0,255.00,1,64.39,64.29,0.09,8.984,8.989,4.055,4.048,-0.001,0.000,0.002,64.56,64,0.2815,7920,3787.88,2965.21,2920.32,3812.63,1.306,2920.32,0,2,1289,33294,0,1,1,1,34551,1428,1,0,1082298818
110687,8.971,8.975,9.000,9.000,9.000,9.000,0.000,64.68,0.6468,4.114,4.085,64.68,64.68,0.00,0,0,-3.21938,64.68,64.68,0.00,0,0,64.68,0.00,0.00,0.00,0.00,1.000,1.000,0.00,0,255.00,1,64.58,64.44,0.14,8.976,8.980,4.066,4.133,-0.006,-0.000,0.004,64.68,65,-0.4308,8957,3349.34,2949.05,2920.32,3812.63,1.306,2920.32,0,2,1300,33456,0,1,1,1,34724,8058,1,0,1082306335
110794,8.956,8.961,9.000,9.000,9.000,9.000,0.000,64.90,0.6490,4.119,4.087,64.90,64.90,0.00,0,0,-3.22158,64.90,64.90,0.00,0,0,64.90,0.00,0.00,0.00,0.00,1.000,1.000,0.00,0,255.00,1,65.04,64.80,0.24,8.961,8.962,4.101,4.251,-0.005,-0.001,0.012,64.90,65,0.2829,7822,3835.34,3042.51,3439.36,4846.38,1.409,3439.36,0,2,1311,33584,0,1,1,1,34863,3514,1,0,1082308985
110895,8.979,8.979,9.000,9.000,9.000,9.000,0.000,64.73,0.6473,4.119,4.089,64.73,64.73,0.00,0,0,-3.22419,64.73,64.73,0.00,0,0,64.73,0.00,0.00,0.00,0.00,1.000,1.000,0.00,0,255.00,1,64.80,64.68,0.12,8.980,8.982,4.097,4.089,-0.000,-0.000,0.003,64.73,65,0.1811,7513,3993.08,3276.81,3439.36,4846.38,1.409,3439.36,0,2,1321,33703,0,1,1,1,34991,3548,1,0,1082311953
110995,8.983,8.977,9.000,9.000,9.000,9.000,0.000,64.79,0.6479,4.121,4.091,64.79,64.79,0.00,0,0,-3.22579,64.79,64.79,0.00,0,0,64.79,0.00,0.00,0.00,0.00,1.000,1.000,0.00,0,255.00,1,64.91,64.78,0.14,8.977,8.979,4.106,4.109,0.007,-0.000,0.004,64.79,65,-0.1678,7255,4135.08,3335.33,3439.36,4846.38,1.409,3439.36,0,2,1332,33833,0,1,1,1,35132,2624,1,0,1082317863
111095,8.968,8.972,9.000,9.000,9.000,9.000,0.000,64.89,0.6489,4.123,4.092,64.89,64.89,0.00,0,0,-3.22736,64.89,64.89,0.00,0,0,64.89,0.00,0.00,0.00,0.00,1.000,1.000,0.00,0,255.00,1,65.06,64.89,0.17,8.972,8.973,4.114,4.163,-0.005,-0.000,0.006,64.89,65,-0.4647,8440,3554.50,3395.81,3439.36,4846.38,1.409,3554.50,1,1,1342,34030,0,1,1,1,35339,5019,1,0,1082320826
111195,8.985,8.984,9.000,9.000,9.000,9.000,0.000,64.77,0.6477,4.122,4.094,64.77,64.77,0.00,0,0,-3.22895,64.77,64.77,0.00,0,0,64.77,0.00,0.00,0.00,0.00,1.000,1.000,0.00,0,255.00,1,64.83,64.73,0.10,8.984,8.986,4.101,4.068,0.001,-0.000,0.002,64.77,65,-0.1264,6623,4529.67,3195.14,2984.60,4476.91,1.500,2984.60,0,2,1353,34196,0,1,1,1,35515,3499,1,0,1082323818
111303,8.983,8.976,9.000,9.000,9.000,9.000,0.000,64.89,0.6489,4.125,4.096,64.89,64.89,0.00,0,0,-3.23059,64.89,64.89,0.00,0,0,64.89,0.00,0.00,0.00,0.00,1.000,1.000,0.00,0,255.00,1,65.04,64.90,0.14,8.977,8.978,4.115,4.134,0.007,-0.000,0.004,64.89,65,-0.2668,9375,3200.00,3119.35,2984.60,4476.91,1.500,2984.60,0,2,1363,34338,0,1,1,1,35667,1470,1,0,1082328086
111439,8.995,8.984,9.000,9.000,9.000,9.000,0.000,64.85,0.6485,4.127,4.098,64.85,64.85,0.00,0,0,-3.23277,64.85,64.85,0.00,0,0,64.85,0.00,0.00,0.00,0.00,1.000,1.000,0.00,0,255.00,1,65.01,64.91,0.10,8.984,8.986,4.120,4.061,0.012,0.000,0.002,64.85,65,-0.4708,6753,4442.47,3053.59,2984.60,4476.91,1.500,2984.60,0,2,1379,34557,0,1,1,1,35902,3919,1,0,1082330988
111546,8.997,8.986,9.000,9.000,9.000,9.000,0.000,64.85,0.6485,4.128,4.099,64.85,64.85,0.00,0,0,-3.23398,64.85,64.85,0.00,0,0,64.85,0.00,0.00,0.00,0.00,1.000,1.000,0.00,0,255.00,1,64.96,64.88,0.08,8.986,8.988,4.116,4.049,0.012,0.000,0.001,64.85,64,0.3600,6493,4620.36,3124.80,3464.79,4645.97,1.341,3464.79,0,2,1391,34680,0,1,1,1,36037,6854,1,0,1082335507
111682,8.994,8.992,9.000,9.000,9.000,9.000,0.000,64.80,0.6480,4.124,4.102,64.80,64.80,0.00,0,0,-3.23546,64.80,64.80,0.00,0,0,64.80,0.00,0.00,0.00,0.00,1.000,1.000,0.00,0,255.00,1,64.69,64.65,0.04,8.993,8.995,4.087,4.051,0.002,0.000,0.000,64.80,64,0.4391,8315,3607.94,3437.90,3464.79,4645.97,1.341,3607.94,1,1,1406,34882,0,1,1,1,36253,3856,1,0,1082338452
111788,8.977,8.980,9.000,9.000,9.000,9.000,0.000,64.97,0.6497,4.125,4.103,64.97,64.97,0.00,0,0,-3.23657,64.97,64.97,0.00,0,0,64.97,0.00,0.00,0.00,0.00,1.000,1.000,0.00,0,255.00,1,64.97,64.85,0.12,8.980,8.981,4.101,4.172,-0.004,-0.000,0.003,64.97,65,0.3316,8117,3695.95,3447.58,3464.79,4645.97,1.341,3464.79,0,2,1416,35027,0,1,1,1,36408,4881,1,0,1082344436
111890,8.964,8.975,9.000,9.000,9.000,9.000,0.000,65.05,0.6505,4.127,4.104,65.05,65.05,0.00,0,0,-3.23771,65.05,65.05,0.00,0,0,65.05,0.00,0.00,0.00,0.00,1.000,1.000,0.00,0,255.00,1,65.13,64.98,0.15,8.975,8.975,4.114,4.213,-0.012,-0.001,0.005,65.05,65,0.2766,10932,2744.24,3371.00,3050.92,4152.64,1.361,3050.92,0,2,1427,35154,0,1,1,1,36546,3776,1,0,1082346594
111990,8.997,8.989,9.000,9.000,9.000,9.000,0.000,64.91,0.6491,4.127,4.105,64.91,64.91,0.00,0,0,-3.23864,64.91,64.91,0.00,0,0,64.91,0.00,0.00,0.00,0.00,1.000,1.000,0.00,0,255.00,1,64.96,64.90,0.07,8.989,8.990,4.114,4.076,0.009,-0.000,0.001,64.91,65,0.1860,7283,4119.18,3255.77,3050.92,4152.64,1.361,3050.92,0,2,1438,35274,0,1,1,1,36676,2860,1,0,1082348805
112095,9.003,8.996,9.000,9.000,9.000,9.000,0.000,64.84,0.6484,4.126,4.107,64.84,64.84,0.00,0,0,-3.23947,64.84,64.84,0.00,0,0,64.84,0.00,0.00,0.00,0.00,1.000,1.000,0.00,0,255.00,1,64.79,64.77,0.02,8.996,8.999,4.101,4.032,0.007,0.000,0.000,64.84,65,-0.1294,7691,3900.66,3155.80,3050.92,4152.64,1.361,3050.92,0,2,1450,35419,0,1,1,1,36833,3934,1,0,1082351086
112195,8.968,8.980,9.000,9.000,9.000,9.000,0.000,65.05,0.6505,4.127,4.108,65.05,65.05,0.00,0,0,-3.24031,65.05,65.05,0.00,0,0,65.05,0.00,0.00,0.00,0.00,1.000,1.000,0.00,0,255.00,1,65.07,64.94,0.12,8.980,8.981,4.109,4.198,-0.013,-0.000,0.003,65.05,65,-0.1963,8044,3729.49,3118.04,3050.92,4152.64,1.361,3050.92,0,2,1460,35535,0,1,1,1,36959,2861,1,0,1082354153
112300,8.972,8.977,9.000,9.000,9.000,9.000,0.000,65.10,0.6510,4.129,4.109,65.10,65.10,0.00,0,0,-3.24149,65.10,65.10,0.00,0,0,65.10,0.00,0.00,0.00,0.00,1.000,1.000,0.00,0,255.00,1,65.22,65.08,0.14,8.977,8.978,4.125,4.207,-0.006,-0.001,0.004,65.10,65,-0.0804,7642,3925.67,3150.30,3207.63,4112.35,1.282,3207.63,0,2,1471,35669,0,1,1,1,37103,4274,1,0,1082356007
112400,8.984,8.984,9.000,9.000,9.000,9.000,0.000,65.07,0.6507,4.132,4.111,65.07,65.07,0.00,0,0,-3.24404,65.07,65.07,0.00,0,0,65.07,0.00,0.00,0.00,0.00,1.000,1.000,0.00,0,255.00,1,65.22,65.13,0.10,8.984,8.984,4.133,4.137,0.000,-0.000,0.002,65.07,65,0.2352,6766,4433.93,3188.84,3207.63,4112.35,1.282,3207.63,0,2,1483,35806,0,1,1,1,37252,1673,1,0,1082358035
112537,8.997,9.001,9.000,9.000,9.000,9.000,0.000,64.87,0.6487,4.127,4.112,64.87,64.87,0.00,0,0,-3.24395,64.87,64.87,0.00,0,0,64.87,0.00,0.00,0.00,0.00,1.000,1.000,0.00,0,255.00,1,64.73,64.74,-0.01,9.002,9.004,4.094,4.022,-0.005,0.000,0.000,64.87,65,-0.1618,6398,4688.97,3198.01,3207.63,4112.35,1.282,3207.63,0,2,1498,36014,0,1,1,1,37475,3741,1,0,1082363489
112638,8.996,8.992,9.000,9.000,9.000,9.000,0.000,64.99,0.6499,4.128,4.113,64.99,64.99,0.00,0,0,-3.24456,64.99,64.99,0.00,0,0,64.99,0.00,0.00,0.00,0.00,1.000,1.000,0.00,0,255.00,1,64.91,64.86,0.05,8.992,8.994,4.103,4.115,0.004,-0.000,0.000,64.99,65,-0.1415,8263,3630.64,3224.09,3320.73,5060.16,1.524,3320.73,0,2,1508,36140,0,1,1,1,37611,2606,1,0,1082366055
112775,9.007,8.998,9.000,9.000,9.000,9.000,0.000,64.94,0.6494,4.127,4.115,64.94,64.94,0.00,0,0,-3.24566,64.94,64.94,0.00,0,0,64.94,0.00,0.00,0.00,0.00,1.000,1.000,0.00,0,255.00,1,64.87,64.86,0.01,8.998,9.000,4.107,4.064,0.010,0.000,0.000,64.94,65,-0.1762,6399,4688.23,3306.32,3320.73,5060.16,1.524,3320.73,0,2,1524,36320,0,1,1,1,37806,6399,1,0,1082367531
112880,9.005,8.998,9.000,9.000,9.000,9.000,0.000,64.94,0.6494,4.127,4.115,64.94,64.94,0.00,0,0,-3.24598,64.94,64.94,0.00,0,0,64.94,0.00,0.00,0.00,0.00,1.000,1.000,0.00,0,255.00,1,64.86,64.86,0.01,8.999,9.000,4.105,4.070,0.007,0.000,0.000,64.94,65,-0.2147,7006,4282.04,3311.50,3320.73,5060.16,1.524,3320.73,0,2,1536,36461,0,1,1,1,37959,1473,1,0,1082370912
112981,8.972,8.978,9.000,9.000,9.000,9.000,0.000,65.21,0.6521,4.130,4.116,65.21,65.21,0.00,0,0,-3.24713,65.21,65.21,0.00,0,0,65.21,0.00,0.00,0.00,0.00,1.000,1.000,0.00,0,255.00,1,65.33,65.19,0.14,8.977,8.977,4.132,4.255,-0.007,-0.001,0.004,65.21,65,0.1132,10822,2772.13,3314.82,3320.73,5060.16,1.524,3320.73,0,2,1547,36605,0,1,1,1,38114,3685,1,0,1082372101
113087,9.003,8.997,9.000,9.000,9.000,9.000,0.000,64.98,0.6498,4.129,4.117,64.98,64.98,0.00,0,0,-3.24748,64.98,64.98,0.00,0,0,64.98,0.00,0.00,0.00,0.00,1.000,1.000,0.00,0,255.00,1,65.02,65.01,0.02,8.997,8.998,4.123,4.066,0.006,0.000,0.000,64.98,65,0.1493,8687,3453.44,3292.22,3252.03,4138.95,1.273,3252.03,0,2,1557,36730,0,1,1,1,38248,2991,1,0,1082373474
113226,8.998,9.004,9.000,9.000,9.000,9.000,0.000,64.89,0.6489,4.124,4.117,64.89,64.89,0.00,0,0,-3.24683,64.89,64.89,0.00,0,0,64.89,0.00,0.00,0.00,0.00,1.000,1.000,0.00,0,255.00,1,64.68,64.71,-0.03,9.005,9.007,4.089,4.052,-0.007,0.000,0.001,64.89,65,-0.2878,9039,3318.95,3285.99,3252.03,4138.95,1.273,3318.95,1,1,1572,36926,0,1,1,1,38459,990,1,0,1082374865
113328,8.994,8.990,9.000,9.000,9.000,9.000,0.000,65.07,0.6507,4.126,4.118,65.07,65.07,0.00,0,0,-3.24757,65.07,65.07,0.00,0,0,65.07,0.00,0.00,0.00,0.00,1.000,1.000,0.00,0,255.00,1,65.04,64.98,0.06,8.990,8.990,4.112,4.176,0.004,-0.000,0.001,65.07,65,-0.0973,8189,3663.45,3273.77,3252.03,4138.95,1.273,3252.03,0,2,1582,37044,0,1,1,1,38587,3797,1,0,1082376083
113431,8.990,8.991,9.000,9.000,9.000,9.000,0.000,65.06,0.6506,4.127,4.118,65.06,65.06,0.00,0,0,-3.24804,65.06,65.06,0.00,0,0,65.06,0.00,0.00,0.00,0.00,1.000,1.000,0.00,0,255.00,1,65.07,65.02,0.05,8.991,8.992,4.119,4.154,-0.002,-0.000,0.001,65.06,65,0.0033,6209,4831.70,3203.08,3077.42,4103.23,1.333,3077.42,0,2,1594,37179,0,1,1,1,38733,1702,1,0,1082376902
113532,8.994,8.991,9.000,9.000,9.000,9.000,0.000,65.09,0.6509,4.128,4.118,65.09,65.09,0.00,0,0,-3.24872,65.09,65.09,0.00,0,0,65.09,0.00,0.00,0.00,0.00,1.000,1.000,0.00,0,255.00,1,65.17,65.11,0.06,8.991,8.991,4.130,4.150,0.004,-0.000,0.001,65.09,65,0.2189,8079,3713.33,3157.85,3077.42,4103.23,1.333,3077.42,0,2,1605,37312,0,1,1,1,38877,2029,1,0,1082377792
113637,8.976,8.987,9.000,9.000,9.000,9.000,0.000,65.13,0.6513,4.129,4.119,65.13,65.13,0.00,0,0,-3.24911,65.13,65.13,0.00,0,0,65.13,0.00,0.00,0.00,0.00,1.000,1.000,0.00,0,255.00,1,65.21,65.13,0.08,8.987,8.987,4.129,4.187,-0.013,-0.000,0.001,65.13,65,0.3269,7186,4174.78,3128.89,3077.42,4103.23,1.333,3077.42,0,2,1617,37434,0,1,1,1,39011,3923,1,0,1082378832
113737,9.006,9.002,9.000,9.000,9.000,9.000,0.000,64.95,0.6495,4.127,4.119,64.95,64.95,0.00,0,0,-3.24910,64.95,64.95,0.00,0,0,64.95,0.00,0.00,0.00,0.00,1.000,1.000,0.00,0,255.00,1,64.92,64.94,-0.02,9.003,9.004,4.116,4.050,0.004,0.000,0.000,64.95,65,0.2890,6668,4499.10,3110.36,3077.42,4103.23,1.333,3077.42,0,2,1627,37603,0,1,1,1,39190,3783,1,0,1082379814
113842,9.010,9.005,9.000,9.000,9.000,9.000,0.000,64.93,0.6493,4.126,4.120,64.93,64.93,0.00,0,0,-3.24902,64.93,64.93,0.00,0,0,64.93,0.00,0.00,0.00,0.00,1.000,1.000,0.00,0,255.00,1,64.83,64.86,-0.03,9.005,9.007,4.107,4.045,0.006,0.000,0.000,64.93,65,0.2221,6798,4413.06,3162.60,3255.47,4513.26,1.386,3255.47,0,2,1638,37732,0,1,1,1,39329,1666,1,0,1082380684
113942,8.979,8.985,9.000,9.000,9.000,9.000,0.000,65.17,0.6517,4.128,4.120,65.17,65.17,0.00,0,0,-3.24972,65.17,65.17,0.00,0,0,65.17,0.00,0.00,0.00,0.00,1.000,1.000,0.00,0,255.00,1,65.22,65.13,0.09,8.985,8.985,4.126,4.225,-0.007,-0.001,0.002,65.17,65,0.4789,6516,4604.05,3196.03,3255.47,4513.26,1.386,3255.47,0,2,1649,37885,0,1,1,1,39493,4087,1,0,1082381339
114044,8.994,8.994,9.000,9.000,9.000,9.000,0.000,65.09,0.6509,4.130,4.122,65.09,65.09,0.00,0,0,-3.25122,65.09,65.09,0.00,0,0,65.09,0.00,0.00,0.00,0.00,1.000,1.000,0.00,0,255.00,1,65.15,65.11,0.04,8.994,8.994,4.130,4.131,-0.000,-0.000,0.000,65.09,65,0.1668,6756,4440.50,3245.49,3255.47,4513.26,1.386,3255.47,0,2,1659,38025,0,1,1,1,39643,3998,1,0,1082382070
114149,9.012,9.006,9.000,9.000,9.000,9.000,0.000,64.94,0.6494,4.127,4.122,64.94,64.94,0.00,0,0,-3.25102,64.94,64.94,0.00,0,0,64.94,0.00,0.00,0.00,0.00,1.000,1.000,0.00,0,255.00,1,64.87,64.91,-0.04,9.007,9.008,4.113,4.027,0.006,0.000,0.001,64.94,65,0.1310,9397,3192.51,3236.49,3255.47,4513.26,1.386,3192.51,1,1,1669,38203,0,1,1,1,39831,4787,1,0,1082385456
114249,8.990,8.995,9.000,9.000,9.000,9.000,0.000,65.09,0.6509,4.127,4.122,65.09,65.09,0.00,0,0,-3.25120,65.09,65.09,0.00,0,0,65.09,0.00,0.00,0.00,0.00,1.000,1.000,0.00,0,255.00,1,65.05,65.02,0.03,8.995,8.995,4.116,4.151,-0.005,-0.000,0.000,65.09,65,0.2476,7901,3796.99,3198.06,3129.73,4439.85,1.419,3129.73,0,2,1680,38362,0,1,1,1,40000,2868,1,0,1082386102
114353,8.983,8.990,9.000,9.000,9.000,9.000,0.000,65.16,0.6516,4.128,4.123,65.16,65.16,0.00,0,0,-3.25170,65.16,65.16,0.00,0,0,65.16,0.00,0.00,0.00,0.00,1.000,1.000,0.00,0,255.00,1,65.19,65.13,0.06,8.990,8.989,4.127,4.192,-0.008,-0.000,0.001,65.16,66,-0.4662,8750,3428.57,3164.71,3129.73,4439.85,1.419,3129.73,0,2,1690,38505,0,1,1,1,40153,7383,1,0,1082386617
114453,8.981,8.990,9.000,9.000,9.000,9.000,0.000,65.16,0.6516,4.129,4.123,65.16,65.16,0.00,0,0,-3.25202,65.16,65.16,0.00,0,0,65.16,0.00,0.00,0.00,0.00,1.000,1.000,0.00,0,255.00,1,65.22,65.15,0.06,8.990,8.989,4.130,4.187,-0.010,-0.000,0.001,65.16,65,-0.2630,7040,4261.36,3152.12,3129.73,4439.85,1.419,3129.73,0,2,1700,38621,0,1,1,1,40279,5175,1,0,1082387453
114554,9.005,9.002,9.000,9.000,9.000,9.000,0.000,65.01,0.6501,4.128,4.123,65.01,65.01,0.00,0,0,-3.25197,65.01,65.01,0.00,0,0,65.01,0.00,0.00,0.00,0.00,1.000,1.000,0.00,0,255.00,1,64.99,65.00,-0.01,9.002,9.002,4.120,4.073,0.003,0.000,0.000,65.01,65,-0.2024,7505,3997.34,3144.06,3129.73,4439.85,1.419,3129.73,0,2,1710,38754,0,1,1,1,40422,3402,1,0,1082388068
114659,9.019,9.009,9.000,9.000,9.000,9.000,0.000,64.92,0.6492,4.126,4.123,64.92,64.92,0.00,0,0,-3.25173,64.92,64.92,0.00,0,0,64.92,0.00,0.00,0.00,0.00,1.000,1.000,0.00,0,255.00,1,64.81,64.87,-0.06,9.010,9.011,4.109,4.018,0.011,0.000,0.001,64.92,65,-0.2233,7386,4061.74,3107.22,3041.73,4377.12,1.439,3041.73,0,2,1722,38890,0,1,1,1,40569,1745,1,0,1082388612
114760,8.972,8.982,9.000,9.000,9.000,9.000,0.000,65.26,0.6526,4.129,4.123,65.26,65.26,0.00,0,0,-3.25243,65.26,65.26,0.00,0,0,65.26,0.00,0.00,0.00,0.00,1.000,1.000,0.00,0,255.00,1,65.33,65.22,0.11,8.982,8.980,4.132,4.269,-0.012,-0.001,0.003,65.26,65,0.1389,7602,3946.33,3083.65,3041.73,4377.12,1.439,3041.73,0,2,1733,39007,0,1,1,1,40697,8987,1,0,1082388968
114863,8.988,8.989,9.000,9.000,9.000,9.000,0.000,65.19,0.6519,4.131,4.124,65.19,65.19,0.00,0,0,-3.25305,65.19,65.19,0.00,0,0,65.19,0.00,0.00,0.00,0.00,1.000,1.000,0.00,0,255.00,1,65.32,65.26,0.07,8.989,8.988,4.142,4.185,-0.001,-0.000,0.001,65.19,65,0.4995,6757,4439.84,3068.56,3041.73,4377.12,1.439,3041.73,0,2,1744,39129,0,1,1,1,40830,6757,1,0,1082389412
114966,8.998,8.999,9.000,9.000,9.000,9.000,0.000,65.07,0.6507,4.130,4.124,65.07,65.07,0.00,0,0,-3.25308,65.07,65.07,0.00,0,0,65.07,0.00,0.00,0.00,0.00,1.000,1.000,0.00,0,255.00,1,65.12,65.12,0.01,8.999,8.999,4.131,4.097,-0.001,0.000,0.000,65.07,65,-0.3645,6581,4558.58,3118.52,3339.86,4281.87,1.282,3339.86,0,2,1755,39241,0,1,1,1,40953,6008,1,0,1082390125
115066,9.004,9.001,9.000,9.000,9.000,9.000,0.000,65.05,0.6505,4.129,4.124,65.05,65.05,0.00,0,0,-3.25312,65.05,65.05,0.00,0,0,65.05,0.00,0.00,0.00,0.00,1.000,1.000,0.00,0,255.00,1,65.05,65.05,-0.01,9.001,9.002,4.125,4.085,0.003,0.000,0.000,65.05,65,-0.2227,8639,3472.62,3224.76,3339.86,4281.87,1.282,3472.62,1,1,1764,39384,0,1,1,1,41104,4647,1,0,1082390770
115173,9.010,9.001,9.000,9.000,9.000,9.000,0.000,65.06,0.6506,4.129,4.125,65.06,65.06,0.00,0,0,-3.25336,65.06,65.06,0.00,0,0,65.06,0.00,0.00,0.00,0.00,1.000,1.000,0.00,0,255.00,1,65.06,65.06,-0.01,9.001,9.002,4.126,4.086,0.010,0.000,0.000,65.06,65,0.0049,6331,4738.59,3266.20,3339.86,4281.87,1.282,3339.86,0,2,1777,39511,0,1,1,1,41244,6298,1,0,1082391311
115273,9.003,8.997,9.000,9.000,9.000,9.000,0.000,65.11,0.6511,4.130,4.125,65.11,65.11,0.00,0,0,-3.25371,65.11,65.11,0.00,0,0,65.11,0.00,0.00,0.00,0.00,1.000,1.000,0.00,0,255.00,1,65.14,65.13,0.02,8.997,8.998,4.130,4.120,0.006,0.000,0.000,65.11,65,0.2904,7231,4148.80,3308.10,3339.86,4281.87,1.282,3339.86,0,2,1787,39662,0,1,1,1,41405,6854,1,0,1082391857
115375,8.997,9.001,9.000,9.000,9.000,9.000,0.000,65.05,0.6505,4.129,4.125,65.05,65.05,0.00,0,0,-3.25349,65.05,65.05,0.00,0,0,65.05,0.00,0.00,0.00,0.00,1.000,1.000,0.00,0,255.00,1,65.00,65.01,-0.01,9.002,9.003,4.118,4.096,-0.005,0.000,0.000,65.05,65,0.3419,8563,3503.45,3170.18,2924.98,3656.23,1.250,2924.98,0,2,1796,39798,0,1,1,1,41549,5146,1,0,1082392439
115481,9.018,9.014,9.000,9.000,9.000,9.000,0.000,64.89,0.6489,4.125,4.125,64.89,64.89,0.00,0,0,-3.25278,64.89,64.89,0.00,0,0,64.89,0.00,0.00,0.00,0.00,1.000,1.000,0.00,0,255.00,1,64.68,64.76,-0.09,9.014,9.017,4.096,4.001,0.004,0.001,0.003,64.89,65,0.1815,6583,4557.19,3081.91,2924.98,3656.23,1.250,2924.98,0,2,1808,39939,0,1,1,1,41702,1246,1,0,1082392812
115582,9.009,9.003,9.000,9.000,9.000,9.000,0.000,65.02,0.6502,4.125,4.125,65.02,65.02,0.00,0,0,-3.25276,65.02,65.02,0.00,0,0,65.02,0.00,0.00,0.00,0.00,1.000,1.000,0.00,0,255.00,1,64.87,64.89,-0.02,9.004,9.005,4.104,4.106,0.006,0.000,0.000,65.02,65,0.2868,6822,4397.54,3025.42,2924.98,3656.23,1.250,2924.98,0,2,1818,40084,0,1,1,1,41857,641,1,0,1082392837
115687,9.000,8.997,9.000,9.000,9.000,9.000,0.000,65.10,0.6510,4.126,4.125,65.10,65.10,0.00,0,0,-3.25306,65.10,65.10,0.00,0,0,65.10,0.00,0.00,0.00,0.00,1.000,1.000,0.00,0,255.00,1,65.06,65.04,0.02,8.997,8.997,4.119,4.157,0.003,-0.000,0.000,65.10,66,-0.4764,11878,2525.68,3030.33,3130.35,4230.20,1.351,3130.35,0,2,1828,40205,0,1,1,1,41988,3995,1,0,1082392777
115787,8.988,8.997,9.000,9.000,9.000,9.000,0.000,65.09,0.6509,4.125,4.125,65.09,65.09,0.00,0,0,-3.25295,65.09,65.09,0.00,0,0,65.09,0.00,0.00,0.00,0.00,1.000,1.000,0.00,0,255.00,1,65.05,65.03,0.02,8.997,8.997,4.118,4.157,-0.010,-0.000,0.000,65.09,65,-0.4035,9498,3158.56,3071.98,3130.35,4230.20,1.351,3158.56,1,1,1838,40353,0,1,1,1,42145,2806,1,0,1082392838
115888,9.001,9.000,9.000,9.000,9.000,9.000,0.000,65.06,0.6506,4.125,4.125,65.06,65.06,0.00,0,0,-3.25297,65.06,65.06,0.00,0,0,65.06,0.00,0.00,0.00,0.00,1.000,1.000,0.00,0,255.00,1,65.02,65.02,-0.00,9.000,9.000,4.120,4.125,0.001,-0.000,0.000,65.06,65,-0.2785,9187,3265.48,3120.02,3130.35,4230.20,1.351,3265.48,1,1,1848,40460,0,1,1,1,42262,4336,1,0,1082392832
115991,9.008,9.002,9.000,9.000,9.000,9.000,0.000,65.04,0.6504,4.126,4.125,65.04,65.04,0.00,0,0,-3.25308,65.04,65.04,0.00,0,0,65.04,0.00,0.00,0.00,0.00,1.000,1.000,0.00,0,255.00,1,65.03,65.04,-0.01,9.002,9.001,4.123,4.104,0.007,-0.000,0.000,65.04,65,-0.1107,6454,4648.28,3123.74,3130.35,4230.20,1.351,3130.35,0,2,1859,40588,0,1,1,1,42401,4407,1,0,1082392855
116094,8.997,8.997,9.000,9.000,9.000,9.000,0.000,65.12,0.6512,4.129,4.126,65.12,65.12,0.00,0,0,-3.25431,65.12,65.12,0.00,0,0,65.12,0.00,0.00,0.00,0.00,1.000,1.000,0.00,0,255.00,1,65.16,65.14,0.02,8.997,8.997,4.132,4.131,0.000,-0.000,0.000,65.12,66,-0.4240,9899,3030.61,3032.80,2970.10,4207.64,1.417,3030.61,1,1,1869,40717,0,1,1,1,42539,4438,1,0,1082392938
116200,9.013,9.007,9.000,9.000,9.000,9.000,0.000,65.00,0.6500,4.127,4.126,65.00,65.00,0.00,0,0,-3.25410,65.00,65.00,0.00,0,0,65.00,0.00,0.00,0.00,0.00,1.000,1.000,0.00,0,255.00,1,64.96,65.00,-0.04,9.007,9.008,4.121,4.051,0.006,0.000,0.000,65.00,65,-0.3424,7462,4020.37,3010.23,2970.10,4207.64,1.417,2970.10,0,2,1880,40842,0,1,1,1,42675,3454,1,0,1082394776
116338,8.991,9.002,9.000,9.000,9.000,9.000,0.000,65.04,0.6504,4.123,4.126,65.04,65.04,0.00,0,0,-3.25315,65.04,65.04,0.00,0,0,65.04,0.00,0.00,0.00,0.00,1.000,1.000,0.00,0,255.00,1,64.86,64.87,-0.01,9.002,9.003,4.100,4.134,-0.013,-0.000,0.000,65.04,65,0.4819,8049,3727.17,2990.65,2970.10,4207.64,1.417,2970.10,0,2,1894,41065,0,1,1,1,42912,7403,1,0,1082394968
116443,9.016,9.013,9.000,9.000,9.000,9.000,0.000,64.90,0.6490,4.121,4.126,64.90,64.90,0.00,0,0,-3.25249,64.90,64.90,0.00,0,0,64.90,0.00,0.00,0.00,0.00,1.000,1.000,0.00,0,255.00,1,64.65,64.73,-0.08,9.013,9.015,4.091,4.043,0.003,0.000,0.002,64.90,65,0.3283,9412,3187.42,3026.71,3120.76,4681.14,1.500,3187.42,1,1,1904,41181,0,1,1,1,43038,990,1,0,1082394550
116544,9.016,9.009,9.000,9.000,9.000,9.000,0.000,64.93,0.6493,4.120,4.125,64.93,64.93,0.00,0,0,-3.25215,64.93,64.93,0.00,0,0,64.93,0.00,0.00,0.00,0.00,1.000,1.000,0.00,0,255.00,1,64.72,64.78,-0.06,9.010,9.011,4.095,4.078,0.007,0.000,0.001,64.93,65,0.2829,7225,4152.25,3060.57,3120.76,4681.14,1.500,3120.76,0,2,1915,41342,0,1,1,1,43209,5974,1,0,1082394017
116685,9.015,9.008,9.000,9.000,9.000,9.000,0.000,64.94,0.6494,4.120,4.125,64.94,64.94,0.00,0,0,-3.25204,64.94,64.94,0.00,0,0,64.94,0.00,0.00,0.00,0.00,1.000,1.000,0.00,0,255.00,1,64.83,64.88,-0.05,9.008,9.009,4.109,4.077,0.007,0.000,0.001,64.94,65,0.3724,7621,3936.49,3089.94,3120.76,4681.14,1.500,3120.76,0,2,1930,41559,0,1,1,1,43441,5249,1,0,1082393399
116787,9.006,9.005,9.000,9.000,9.000,9.000,0.000,64.97,0.6497,4.119,4.125,64.97,64.97,0.00,0,0,-3.25162,64.97,64.97,0.00,0,0,64.97,0.00,0.00,0.00,0.00,1.000,1.000,0.00,0,255.00,1,64.87,64.90,-0.03,9.005,9.005,4.110,4.107,0.001,-0.000,0.000,64.97,65,0.3115,6783,4422.82,3119.47,3161.00,5040.51,1.595,3161.00,0,2,1941,41693,0,1,1,1,43585,2094,1,0,1082392650
116887,8.990,8.998,9.000,9.000,9.000,9.000,0.000,65.05,0.6505,4.119,4.124,65.05,65.05,0.00,0,0,-3.25145,65.05,65.05,0.00,0,0,65.05,0.00,0.00,0.00,0.00,1.000,1.000,0.00,0,255.00,1,65.00,64.99,0.01,8.998,8.997,4.115,4.177,-0.009,-0.000,0.000,65.05,65,0.3024,6589,4553.04,3134.42,3161.00,5040.51,1.595,3161.00,0,2,1952,41831,0,1,1,1,43734,3014,1,0,1082391795
116992,8.994,9.003,9.000,9.000,9.000,9.000,0.000,64.99,0.6499,4.118,4.124,64.99,64.99,0.00,0,0,-3.25102,64.99,64.99,0.00,0,0,64.99,0.00,0.00,0.00,0.00,1.000,1.000,0.00,0,255.00,1,64.91,64.92,-0.01,9.002,9.002,4.111,4.137,-0.009,-0.000,0.000,64.99,65,0.1719,6311,4753.60,3143.99,3161.00,5040.51,1.595,3161.00,0,2,1963,41977,0,1,1,1,43891,4211,1,0,1082391189
117092,9.015,9.013,9.000,9.000,9.000,9.000,0.000,64.85,0.6485,4.115,4.124,64.85,64.85,0.00,0,0,-3.25027,64.85,64.85,0.00,0,0,64.85,0.00,0.00,0.00,0.00,1.000,1.000,0.00,0,255.00,1,64.67,64.75,-0.08,9.013,9.014,4.098,4.045,0.002,0.000,0.002,64.85,65,-0.1086,6787,4420.22,3150.11,3161.00,5040.51,1.595,3161.00,0,2,1974,42092,0,1,1,1,44017,4151,1,0,1082390512
117199,9.026,9.015,9.000,9.000,9.000,9.000,0.000,64.82,0.6482,4.114,4.123,64.82,64.82,0.00,0,0,-3.24978,64.82,64.82,0.00,0,0,64.82,0.00,0.00,0.00,0.00,1.000,1.000,0.00,0,255.00,1,64.64,64.73,-0.09,9.015,9.015,4.097,4.037,0.013,0.000,0.002,64.82,65,-0.3042,6362,4715.50,3167.26,3197.76,4427.67,1.385,3197.76,0,2,1986,42245,0,1,1,1,44181,2903,1,0,1082389659
117337,9.014,9.004,9.000,9.000,9.000,9.000,0.000,64.95,0.6495,4.116,4.123,64.95,64.95,0.00,0,0,-3.24982,64.95,64.95,0.00,0,0,64.95,0.00,0.00,0.00,0.00,1.000,1.000,0.00,0,255.00,1,64.93,64.95,-0.02,9.004,9.003,4.118,4.117,0.012,-0.000,0.000,64.95,65,-0.2977,6763,4435.90,3182.15,3197.76,4427.67,1.385,3197.76,0,2,2002,42425,0,1,1,1,44377,3378,1,0,1082388733
117441,9.009,9.004,9.000,9.000,9.000,9.000,0.000,64.95,0.6495,4.116,4.122,64.95,64.95,0.00,0,0,-3.24975,64.95,64.95,0.00,0,0,64.95,0.00,0.00,0.00,0.00,1.000,1.000,0.00,0,255.00,1,64.96,64.98,-0.02,9.004,9.003,4.122,4.110,0.006,-0.000,0.000,64.95,65,-0.3324,7567,3964.58,3187.77,3197.76,4427.67,1.385,3197.76,0,2,2013,42551,0,1,1,1,44514,3152,1,0,1082387568
117543,9.005,9.005,9.000,9.000,9.000,9.000,0.000,64.92,0.6492,4.115,4.122,64.92,64.92,0.00,0,0,-3.24913,64.92,64.92,0.00,0,0,64.92,0.00,0.00,0.00,0.00,1.000,1.000,0.00,0,255.00,1,64.88,64.91,-0.03,9.005,9.004,4.115,4.103,0.000,-0.000,0.000,64.92,65,0.3692,8189,3663.45,3303.56,3422.94,4434.27,1.295,3422.94,0,2,2024,42708,0,1,1,1,44681,2950,1,0,1082386960
117645,9.006,9.009,9.000,9.000,9.000,9.000,0.000,64.86,0.6486,4.113,4.121,64.86,64.86,0.00,0,0,-3.24848,64.86,64.86,0.00,0,0,64.86,0.00,0.00,0.00,0.00,1.000,1.000,0.00,0,255.00,1,64.74,64.80,-0.06,9.009,9.009,4.104,4.078,-0.003,0.000,0.001,64.86,65,0.0549,8563,3503.45,3362.64,3422.94,4434.27,1.295,3503.45,1,1,2034,42836,0,1,1,1,44819,2029,1,0,1082385621
117752,9.018,9.009,9.000,9.000,9.000,9.000,0.000,64.86,0.6486,4.113,4.121,64.86,64.86,0.00,0,0,-3.24827,64.86,64.86,0.00,0,0,64.86,0.00,0.00,0.00,0.00,1.000,1.000,0.00,0,255.00,1,64.78,64.83,-0.05,9.008,9.008,4.108,4.080,0.010,0.000,0.001,64.86,65,-0.0914,9008,3330.37,3365.83,3422.94,4434.27,1.295,3330.37,1,1,2045,42998,0,1,1,1,44992,7997,1,0,1082384754
117852,8.986,8.995,9.000,9.000,9.000,9.000,0.000,65.02,0.6502,4.114,4.121,65.02,65.02,0.00,0,0,-3.24828,65.02,65.02,0.00,0,0,65.02,0.00,0.00,0.00,0.00,1.000,1.000,0.00,0,255.00,1,65.03,65.00,0.03,8.995,8.993,4.119,4.203,-0.010,-0.001,0.000,65.02,65,-0.1617,8183,3666.14,3386.39,3422.94,4434.27,1.295,3422.94,0,2,2054,43106,0,1,1,1,45109,4129,1,0,1082383943
117956,9.000,9.003,9.000,9.000,9.000,9.000,0.000,64.92,0.6492,4.114,4.120,64.92,64.92,0.00,0,0,-3.24801,64.92,64.92,0.00,0,0,64.92,0.00,0.00,0.00,0.00,1.000,1.000,0.00,0,255.00,1,64.91,64.93,-0.02,9.003,9.003,4.117,4.122,-0.003,0.000,0.000,64.92,65,-0.3479,8065,3719.78,3179.75,2812.39,3856.99,1.371,2812.39,0,2,2064,43218,0,1,1,1,45230,3169,1,0,1082383192
118056,9.019,9.015,9.000,9.000,9.000,9.000,0.000,64.77,0.6477,4.111,4.120,64.77,64.77,0.00,0,0,-3.24727,64.77,64.77,0.00,0,0,64.77,0.00,0.00,0.00,0.00,1.000,1.000,0.00,0,255.00,1,64.65,64.73,-0.09,9.015,9.016,4.101,4.024,0.005,0.001,0.002,64.77,65,0.2603,6712,4469.61,3047.50,2812.39,3856.99,1.371,2812.39,0,2,2075,43376,0,1,1,1,45399,3521,1,0,1082382499
118157,9.015,9.010,9.000,9.000,9.000,9.000,0.000,64.81,0.6481,4.110,4.119,64.81,64.81,0.00,0,0,-3.24683,64.81,64.81,0.00,0,0,64.81,0.00,0.00,0.00,0.00,1.000,1.000,0.00,0,255.00,1,64.69,64.75,-0.06,9.010,9.011,4.100,4.071,0.006,0.000,0.001,64.81,65,-0.0350,6704,4474.94,2962.86,2812.39,3856.99,1.371,2812.39,0,2,2086,43528,0,1,1,1,45562,4449,1,0,1082381641
118262,8.986,8.992,9.000,9.000,9.000,9.000,0.000,65.04,0.6504,4.113,4.119,65.04,65.04,0.00,0,0,-3.24714,65.04,65.04,0.00,0,0,65.04,0.00,0.00,0.00,0.00,1.000,1.000,0.00,0,255.00,1,65.09,65.04,0.05,8.991,8.990,4.123,4.230,-0.006,-0.001,0.001,65.04,65,-0.0321,6753,4442.47,2995.54,3246.65,4869.98,1.500,3246.65,0,2,2097,43681,0,1,1,1,45726,3989,1,0,1082380691
118363,9.006,9.006,9.000,9.000,9.000,9.000,0.000,64.87,0.6487,4.112,4.119,64.87,64.87,0.00,0,0,-3.24683,64.87,64.87,0.00,0,0,64.87,0.00,0.00,0.00,0.00,1.000,1.000,0.00,0,255.00,1,64.87,64.90,-0.03,9.005,9.005,4.117,4.094,0.001,0.000,0.000,64.87,65,-0.2822,6891,4353.50,3085.94,3246.65,4869.98,1.500,3246.65,0,2,2108,43835,0,1,1,1,45890,2904,1,0,1082379951
118468,9.015,9.010,9.000,9.000,9.000,9.000,0.000,64.81,0.6481,4.111,4.118,64.81,64.81,0.00,0,0,-3.24642,64.81,64.81,0.00,0,0,64.81,0.00,0.00,0.00,0.00,1.000,1.000,0.00,0,255.00,1,64.76,64.82,-0.06,9.010,9.010,4.110,4.057,0.006,0.000,0.001,64.81,64,0.4193,6446,4654.05,3143.80,3246.65,4869.98,1.500,3246.65,0,2,2119,43967,0,1,1,1,46033,2280,1,0,1082379283
118568,9.015,9.009,9.000,9.000,9.000,9.000,0.000,64.81,0.6481,4.110,4.118,64.81,64.81,0.00,0,0,-3.24607,64.81,64.81,0.00,0,0,64.81,0.00,0.00,0.00,0.00,1.000,1.000,0.00,0,255.00,1,64.74,64.80,-0.06,9.009,9.010,4.107,4.066,0.007,0.000,0.001,64.81,65,0.1271,7203,4164.93,3180.83,3246.65,4869.98,1.500,3246.65,0,2,2130,44096,0,1,1,1,46173,7203,1,0,1082378559
118670,8.993,9.001,9.000,9.000,9.000,9.000,0.000,64.90,0.6490,4.109,4.117,64.90,64.90,0.00,0,0,-3.24546,64.90,64.90,0.00,0,0,64.90,0.00,0.00,0.00,0.00,1.000,1.000,0.00,0,255.00,1,64.83,64.83,-0.01,9.001,9.001,4.105,4.155,-0.009,-0.000,0.000,64.90,65,-0.3801,9896,3031.53,3110.29,3039.58,4436.14,1.459,3031.53,1,1,2139,44245,0,1,1,1,46330,5297,1,0,1082377785
118775,9.006,9.004,9.000,9.000,9.000,9.000,0.000,64.86,0.6486,4.109,4.117,64.86,64.86,0.00,0,0,-3.24528,64.86,64.86,0.00,0,0,64.86,0.00,0.00,0.00,0.00,1.000,1.000,0.00,0,255.00,1,64.82,64.84,-0.02,9.004,9.003,4.110,4.116,0.002,-0.000,0.000,64.86,64,0.3600,10329,2904.44,3057.81,3039.58,4436.14,1.459,2904.44,1,1,2149,44376,0,1,1,1,46471,3344,1,0,1082376428
118875,9.025,9.019,9.000,9.000,9.000,9.000,0.000,64.65,0.6465,4.106,4.116,64.65,64.65,0.00,0,0,-3.24430,64.65,64.65,0.00,0,0,64.65,0.00,0.00,0.00,0.00,1.000,1.000,0.00,0,255.00,1,64.46,64.58,-0.12,9.020,9.021,4.089,3.986,0.006,0.001,0.004,64.65,65,-0.2482,7261,4131.66,3051.24,3039.58,4436.14,1.459,3039.58,0,2,2160,44501,0,1,1,1,46607,6947,1,0,1082375620
118981,9.000,9.004,9.000,9.000,9.000,9.000,0.000,64.83,0.6483,4.106,4.116,64.83,64.83,0.00,0,0,-3.24390,64.83,64.83,0.00,0,0,64.83,0.00,0.00,0.00,0.00,1.000,1.000,0.00,0,255.00,1,64.69,64.72,-0.03,9.004,9.004,4.095,4.137,-0.005,-0.000,0.000,64.83,64,0.3531,7187,4174.20,3047.05,3039.58,4436.14,1.459,3039.58,0,2,2170,44646,0,1,1,1,46762,5009,1,0,1082374571
119082,8.981,8.991,9.000,9.000,9.000,9.000,0.000,64.99,0.6499,4.108,4.115,64.99,64.99,0.00,0,0,-3.24402,64.99,64.99,0.00,0,0,64.99,0.00,0.00,0.00,0.00,1.000,1.000,0.00,0,255.00,1,65.04,64.98,0.06,8.991,8.989,4.120,4.239,-0.011,-0.001,0.001,64.99,65,0.0325,9375,3200.00,3099.46,3122.84,4357.45,1.395,3200.00,1,1,2182,44788,0,1,1,1,46915,9375,1,0,1082373418
119183,9.002,9.004,9.000,9.000,9.000,9.000,0.000,64.82,0.6482,4.107,4.115,64.82,64.82,0.00,0,0,-3.24369,64.82,64.82,0.00,0,0,64.82,0.00,0.00,0.00,0.00,1.000,1.000,0.00,0,255.00,1,64.83,64.86,-0.03,9.004,9.004,4.114,4.106,-0.002,0.000,0.000,64.82,65,-0.3499,8919,3363.61,3120.22,3122.84,4357.45,1.395,3122.84,0,2,2191,44891,0,1,1,1,47027,4399,1,0,1082372034
119289,9.024,9.018,9.000,9.000,9.000,9.000,0.000,64.64,0.6464,4.105,4.114,64.64,64.64,0.00,0,0,-3.24282,64.64,64.64,0.00,0,0,64.64,0.00,0.00,0.00,0.00,1.000,1.000,0.00,0,255.00,1,64.51,64.62,-0.11,9.018,9.020,4.095,3.993,0.007,0.001,0.003,64.64,65,0.0290,8003,3748.59,3121.16,3122.84,4357.45,1.395,3122.84,0,2,2202,45041,0,1,1,1,47188,2699,1,0,1082371261
119389,9.015,9.014,9.000,9.000,9.000,9.000,0.000,64.67,0.6467,4.102,4.114,64.67,64.67,0.00,0,0,-3.24203,64.67,64.67,0.00,0,0,64.67,0.00,0.00,0.00,0.00,1.000,1.000,0.00,0,255.00,1,64.48,64.57,-0.09,9.014,9.015,4.085,4.047,0.001,0.000,0.002,64.67,64,0.3999,6456,4646.84,3121.77,3122.84,4357.45,1.395,3122.84,0,2,2213,45148,0,1,1,1,47306,562,1,0,1082370283
119494,8.990,8.994,9.000,9.000,9.000,9.000,0.000,64.92,0.6492,4.105,4.113,64.92,64.92,0.00,0,0,-3.24227,64.92,64.92,0.00,0,0,64.92,0.00,0.00,0.00,0.00,1.000,1.000,0.00,0,255.00,1,64.92,64.88,0.04,8.994,8.992,4.111,4.220,-0.004,-0.000,0.000,64.92,65,0.1853,9255,3241.49,3057.31,2942.71,3972.66,1.350,2942.71,0,2,2222,45265,0,1,1,1,47431,1844,1,0,1082369057
119595,9.009,9.008,9.000,9.000,9.000,9.000,0.000,64.73,0.6473,4.104,4.113,64.73,64.73,0.00,0,0,-3.24179,64.73,64.73,0.00,0,0,64.73,0.00,0.00,0.00,0.00,1.000,1.000,0.00,0,255.00,1,64.68,64.74,-0.05,9.008,9.008,4.104,4.076,0.001,0.000,0.001,64.73,65,-0.3289,6703,4475.61,3016.05,2942.71,3972.66,1.350,2942.71,0,2,2233,45415,0,1,1,1,47592,6139,1,0,1082368057
119696,9.019,9.010,9.000,9.000,9.000,9.000,0.000,64.71,0.6471,4.103,4.112,64.71,64.71,0.00,0,0,-3.24147,64.71,64.71,0.00,0,0,64.71,0.00,0.00,0.00,0.00,1.000,1.000,0.00,0,255.00,1,64.65,64.72,-0.06,9.010,9.010,4.104,4.057,0.010,0.000,0.001,64.71,65,0.2067,6974,4301.69,2989.65,2942.71,3972.66,1.350,2942.71,0,2,2244,45551,0,1,1,1,47739,1901,1,0,1082367106
119803,9.000,9.000,9.000,9.000,9.000,9.000,0.000,64.82,0.6482,4.105,4.112,64.82,64.82,0.00,0,0,-3.24136,64.82,64.82,0.00,0,0,64.82,0.00,0.00,0.00,0.00,1.000,1.000,0.00,0,255.00,1,64.88,64.88,-0.00,9.000,8.999,4.118,4.132,0.000,-0.000,0.000,64.82,65,0.3028,7506,3996.80,3115.74,3209.73,4730.13,1.474,3209.73,0,2,2255,45715,0,1,1,1,47913,4298,1,0,1082366182
119939,8.992,8.995,9.000,9.000,9.000,9.000,0.000,64.88,0.6488,4.106,4.111,64.88,64.88,0.00,0,0,-3.24117,64.88,64.88,0.00,0,0,64.88,0.00,0.00,0.00,0.00,1.000,1.000,0.00,0,255.00,1,64.95,64.92,0.03,8.995,8.994,4.119,4.176,-0.004,-0.000,0.000,64.88,65,-0.3096,6502,4613.96,3161.61,3209.73,4730.13,1.474,3209.73,0,2,2270,45890,0,1,1,1,48103,4462,1,0,1082364306
120044,9.000,9.004,9.000,9.000,9.000,9.000,0.000,64.77,0.6477,4.105,4.111,64.77,64.77,0.00,0,0,-3.24084,64.77,64.77,0.00,0,0,64.77,0.00,0.00,0.00,0.00,1.000,1.000,0.00,0,255.00,1,64.79,64.81,-0.02,9.004,9.003,4.111,4.099,-0.004,0.000,0.000,64.77,65,0.1935,7787,3852.57,3178.93,3209.73,4730.13,1.474,3209.73,0,2,2281,46077,0,1,1,1,48301,3794,1,0,1082363331
120180,9.015,9.011,9.000,9.000,9.000,9.000,0.000,64.66,0.6466,4.103,4.110,64.66,64.66,0.00,0,0,-3.23976,64.66,64.66,0.00,0,0,64.66,0.00,0.00,0.00,0.00,1.000,1.000,0.00,0,255.00,1,64.56,64.63,-0.07,9.011,9.011,4.095,4.041,0.004,0.000,0.001,64.66,65,-0.4003,6416,4675.81,3244.73,3425.12,4699.58,1.372,3425.12,0,2,2298,46286,0,1,1,1,48527,1158,1,0,1082362727
120287,8.996,9.005,9.000,9.000,9.000,9.000,0.000,64.72,0.6472,4.101,4.109,64.72,64.72,0.00,0,0,-3.23915,64.72,64.72,0.00,0,0,64.72,0.00,0.00,0.00,0.00,1.000,1.000,0.00,0,255.00,1,64.59,64.62,-0.03,9.005,9.005,4.089,4.114,-0.010,-0.000,0.000,64.72,65,-0.0722,6481,4628.92,3309.67,3425.12,4699.58,1.372,3425.12,0,2,2309,46435,0,1,1,1,48686,3989,1,0,1082360691
120388,9.018,9.010,9.000,9.000,9.000,9.000,0.000,64.65,0.6465,4.100,4.109,64.65,64.65,0.00,0,0,-3.23879,64.65,64.65,0.00,0,0,64.65,0.00,0.00,0.00,0.00,1.000,1.000,0.00,0,255.00,1,64.53,64.59,-0.06,9.010,9.010,4.091,4.059,0.008,0.000,0.001,64.65,64,0.3402,6784,4422.17,3351.24,3425.12,4699.58,1.372,3425.12,0,2,2321,46564,0,1,1,1,48827,1663,1,0,1082359726
120533,9.014,9.006,9.000,9.000,9.000,9.000,0.000,64.71,0.6471,4.101,4.108,64.71,64.71,0.00,0,0,-3.23872,64.71,64.71,0.00,0,0,64.71,0.00,0.00,0.00,0.00,1.000,1.000,0.00,0,255.00,1,64.69,64.72,-0.03,9.005,9.005,4.104,4.088,0.009,0.000,0.000,64.71,65,-0.3594,6235,4811.55,3387.29,3425.12,4699.58,1.372,3425.12,0,2,2335,46787,0,1,1,1,49064,1677,1,0,1082358805
120633,9.004,9.005,9.000,9.000,9.000,9.000,0.000,64.71,0.6471,4.101,4.108,64.71,64.71,0.00,0,0,-3.23840,64.71,64.71,0.00,0,0,64.71,0.00,0.00,0.00,0.00,1.000,1.000,0.00,0,255.00,1,64.68,64.70,-0.03,9.005,9.004,4.102,4.098,-0.001,0.000,0.000,64.71,65,0.0502,7012,4278.38,3293.55,3126.91,4290.41,1.372,3126.91,0,2,2346,46939,0,1,1,1,49226,5659,1,0,1082357649
120735,9.015,9.012,9.000,9.000,9.000,9.000,0.000,64.62,0.6462,4.099,4.108,64.62,64.62,0.00,0,0,-3.23781,64.62,64.62,0.00,0,0,64.62,0.00,0.00,0.00,0.00,1.000,1.000,0.00,0,255.00,1,64.51,64.58,-0.07,9.012,9.012,4.092,4.040,0.004,0.000,0.001,64.62,64,0.3341,7322,4097.24,3233.56,3126.91,4290.41,1.372,3126.91,0,2,2356,47073,0,1,1,1,49370,5613,1,0,1082356888
120842,9.016,9.014,9.000,9.000,9.000,9.000,0.000,64.57,0.6457,4.097,4.107,64.57,64.57,0.00,0,0,-3.23702,64.57,64.57,0.00,0,0,64.57,0.00,0.00,0.00,0.00,1.000,1.000,0.00,0,255.00,1,64.39,64.47,-0.09,9.014,9.015,4.080,4.031,0.002,0.000,0.002,64.57,65,-0.4926,10371,2892.68,3195.17,3126.91,4290.41,1.372,3126.91,0,2,2368,47234,0,1,1,1,49543,5436,1,0,1082356020
120978,9.007,9.002,9.000,9.000,9.000,9.000,0.000,64.72,0.6472,4.098,4.106,64.72,64.72,0.00,0,0,-3.23696,64.72,64.72,0.00,0,0,64.72,0.00,0.00,0.00,0.00,1.000,1.000,0.00,0,255.00,1,64.69,64.70,-0.01,9.002,9.000,4.101,4.130,0.006,-0.000,0.000,64.72,65,-0.2973,7133,4205.80,3205.23,3343.76,4976.76,1.488,3343.76,0,2,2384,47450,0,1,1,1,49775,5030,1,0,1082354934
121084,9.019,9.015,9.000,9.000,9.000,9.000,0.000,64.55,0.6455,4.096,4.106,64.55,64.55,0.00,0,0,-3.23620,64.55,64.55,0.00,0,0,64.55,0.00,0.00,0.00,0.00,1.000,1.000,0.00,0,255.00,1,64.42,64.51,-0.09,9.015,9.015,4.087,4.015,0.004,0.000,0.002,64.55,65,-0.1443,6748,4445.76,3255.10,3343.76,4976.76,1.488,3343.76,0,2,2395,47605,0,1,1,1,49940,1657,1,0,1082353515
121186,9.003,9.009,9.000,9.000,9.000,9.000,0.000,64.60,0.6460,4.093,4.105,64.60,64.60,0.00,0,0,-3.23503,64.60,64.60,0.00,0,0,64.60,0.00,0.00,0.00,0.00,1.000,1.000,0.00,0,255.00,1,64.41,64.46,-0.05,9.009,9.009,4.077,4.097,-0.007,0.000,0.001,64.60,65,-0.4926,6567,4568.30,3298.37,3343.76,4976.76,1.488,3343.76,0,2,2405,47712,0,1,1,1,50057,4294,1,0,1082352509
121292,9.012,9.012,9.000,9.000,9.000,9.000,0.000,64.53,0.6453,4.090,4.104,64.53,64.53,0.00,0,0,-3.23387,64.53,64.53,0.00,0,0,64.53,0.00,0.00,0.00,0.00,1.000,1.000,0.00,0,255.00,1,64.32,64.39,-0.08,9.013,9.013,4.072,4.068,-0.000,0.000,0.002,64.53,64,0.1007,7565,3965.63,3320.52,3343.76,4976.76,1.488,3343.76,0,2,2416,47832,0,1,1,1,50188,7565,1,0,1082350566
121394,9.023,9.016,9.000,9.000,9.000,9.000,0.000,64.48,0.6448,4.089,4.103,64.48,64.48,0.00,0,0,-3.23319,64.48,64.48,0.00,0,0,64.48,0.00,0.00,0.00,0.00,1.000,1.000,0.00,0,255.00,1,64.27,64.37,-0.10,9.016,9.016,4.072,4.036,0.008,0.000,0.003,64.48,64,0.1628,6296,4764.93,3224.07,3052.59,4418.23,1.447,3052.59,0,2,2428,47981,0,1,1,1,50348,3260,1,0,1082348370
121495,9.022,9.017,9.000,9.000,9.000,9.000,0.000,64.45,0.6445,4.087,4.102,64.45,64.45,0.00,0,0,-3.23238,64.45,64.45,0.00,0,0,64.45,0.00,0.00,0.00,0.00,1.000,1.000,0.00,0,255.00,1,64.23,64.33,-0.10,9.017,9.017,4.070,4.032,0.006,0.000,0.003,64.45,64,0.1466,10123,2963.55,3144.53,3052.59,4418.23,1.447,2963.55,1,1,2437,48106,0,1,1,1,50482,3697,1,0,1082346850
121600,8.996,9.002,9.000,9.000,9.000,9.000,0.000,64.61,0.6461,4.088,4.102,64.61,64.61,0.00,0,0,-3.23204,64.61,64.61,0.00,0,0,64.61,0.00,0.00,0.00,0.00,1.000,1.000,0.00,0,255.00,1,64.51,64.52,-0.01,9.002,9.001,4.083,4.164,-0.007,-0.000,0.000,64.61,64,0.2933,7364,4073.87,3111.43,3052.59,4418.23,1.447,3052.59,0,2,2448,48234,0,1,1,1,50621,7364,1,0,1082345226
121737,8.997,9.001,9.000,9.000,9.000,9.000,0.000,64.62,0.6462,4.090,4.101,64.62,64.62,0.00,0,0,-3.23198,64.62,64.62,0.00,0,0,64.62,0.00,0.00,0.00,0.00,1.000,1.000,0.00,0,255.00,1,64.66,64.67,-0.01,9.001,8.999,4.103,4.141,-0.004,-0.000,0.000,64.62,64,0.1899,7915,3790.27,3116.77,3222.87,5030.83,1.561,3222.87,0,2,2463,48439,0,1,1,1,50841,2208,1,0,1082343647
121843,9.031,9.022,9.000,9.000,9.000,9.000,0.000,64.36,0.6436,4.087,4.100,64.36,64.36,0.00,0,0,-3.23095,64.36,64.36,0.00,0,0,64.36,0.00,0.00,0.00,0.00,1.000,1.000,0.00,0,255.00,1,64.22,64.36,-0.13,9.022,9.023,4.080,3.955,0.010,0.001,0.004,64.36,64,0.0311,6695,4480.96,3154.97,3222.87,5030.83,1.561,3222.87,0,2,2474,48574,0,1,1,1,50986,6227,1,0,1082341822
121944,9.017,9.017,9.000,9.000,9.000,9.000,0.000,64.36,0.6436,4.079,4.097,64.36,64.36,0.00,0,0,-3.22781,64.36,64.36,0.00,0,0,64.36,0.00,0.00,0.00,0.00,1.000,1.000,0.00,0,255.00,1,64.08,64.19,-0.10,9.017,9.019,4.056,4.049,-0.000,0.001,0.004,64.36,64,0.2588,8945,3353.83,3301.33,3222.87,5030.83,1.561,3353.83,1,1,2484,48722,0,1,1,1,51144,1033,1,0,1082340478
122044,8.993,8.996,9.000,9.000,9.000,9.000,0.000,64.60,0.6460,4.082,4.097,64.60,64.60,0.00,0,0,-3.22792,64.60,64.60,0.00,0,0,64.60,0.00,0.00,0.00,0.00,1.000,1.000,0.00,0,255.00,1,64.57,64.55,0.02,8.996,8.995,4.088,4.217,-0.004,-0.000,0.000,64.60,64,0.4206,7319,4098.92,3273.09,3222.87,5030.83,1.561,3222.87,0,2,2495,48837,0,1,1,1,51270,7534,1,0,1082334872
122146,9.019,9.016,9.000,9.000,9.000,9.000,0.000,64.35,0.6435,4.080,4.096,64.35,64.35,0.00,0,0,-3.22709,64.35,64.35,0.00,0,0,64.35,0.00,0.00,0.00,0.00,1.000,1.000,0.00,0,255.00,1,64.24,64.34,-0.10,9.016,9.016,4.078,4.025,0.004,0.000,0.002,64.35,64,0.1803,7771,3860.51,3144.28,2915.29,4049.01,1.389,2915.29,0,2,2504,48954,0,1,1,1,51395,4710,1,0,1082333162
122282,9.021,9.015,9.000,9.000,9.000,9.000,0.000,64.34,0.6434,4.079,4.095,64.34,64.34,0.00,0,0,-3.22624,64.34,64.34,0.00,0,0,64.34,0.00,0.00,0.00,0.00,1.000,1.000,0.00,0,255.00,1,64.24,64.33,-0.09,9.015,9.015,4.078,4.029,0.006,0.000,0.002,64.34,64,0.4349,6259,4793.10,3032.53,2915.29,4049.01,1.389,2915.29,0,2,2520,49169,0,1,1,1,51626,2161,1,0,1082331496
122389,9.025,9.016,9.000,9.000,9.000,9.000,0.000,64.32,0.6432,4.078,4.094,64.32,64.32,0.00,0,0,-3.22557,64.32,64.32,0.00,0,0,64.32,0.00,0.00,0.00,0.00,1.000,1.000,0.00,0,255.00,1,64.20,64.30,-0.10,9.016,9.016,4.075,4.020,0.010,0.000,0.002,64.32,64,0.2006,7881,3806.62,2990.32,2915.29,4049.01,1.389,2915.29,0,2,2531,49310,0,1,1,1,51778,2654,1,0,1082329052
122489,9.001,9.003,9.000,9.000,9.000,9.000,0.000,64.46,0.6446,4.079,4.093,64.46,64.46,0.00,0,0,-3.22528,64.46,64.46,0.00,0,0,64.46,0.00,0.00,0.00,0.00,1.000,1.000,0.00,0,255.00,1,64.43,64.45,-0.02,9.003,9.003,4.085,4.134,-0.003,-0.000,0.000,64.46,64,0.0967,10408,2882.40,3035.01,3273.77,4520.92,1.381,3273.77,0,2,2541,49426,0,1,1,1,51904,2467,1,0,1082327392
122596,9.017,9.017,9.000,9.000,9.000,9.000,0.000,64.28,0.6428,4.076,4.092,64.28,64.28,0.00,0,0,-3.22427,64.28,64.28,0.00,0,0,64.28,0.00,0.00,0.00,0.00,1.000,1.000,0.00,0,255.00,1,64.14,64.25,-0.10,9.017,9.018,4.070,4.015,-0.000,0.001,0.003,64.28,65,-0.3258,9626,3116.56,3089.52,3273.77,4520.92,1.381,3116.56,1,1,2551,49543,0,1,1,1,52030,4524,1,0,1082325809
122735,9.024,9.021,9.000,9.000,9.000,9.000,0.000,64.21,0.6421,4.072,4.091,64.21,64.21,0.00,0,0,-3.22275,64.21,64.21,0.00,0,0,64.21,0.00,0.00,0.00,0.00,1.000,1.000,0.00,0,255.00,1,63.97,64.10,-0.13,9.021,9.022,4.056,3.994,0.003,0.001,0.005,64.21,64,0.4645,6349,4725.15,3179.44,3273.77,4520.92,1.381,3273.77,0,2,2567,49773,0,1,1,1,52276,3884,1,0,1082324106
122841,9.014,9.008,9.000,9.000,9.000,9.000,0.000,64.35,0.6435,4.073,4.090,64.35,64.35,0.00,0,0,-3.22243,64.35,64.35,0.00,0,0,64.35,0.00,0.00,0.00,0.00,1.000,1.000,0.00,0,255.00,1,64.24,64.29,-0.05,9.008,9.008,4.071,4.100,0.006,0.000,0.001,64.35,64,0.2386,6576,4562.04,3213.40,3273.77,4520.92,1.381,3273.77,0,2,2578,49900,0,1,1,1,52414,3971,1,0,1082321259
122943,9.003,9.005,9.000,9.000,9.000,9.000,0.000,64.39,0.6439,4.074,4.089,64.39,64.39,0.00,0,0,-3.22210,64.39,64.39,0.00,0,0,64.39,0.00,0.00,0.00,0.00,1.000,1.000,0.00,0,255.00,1,64.35,64.38,-0.03,9.005,9.004,4.081,4.122,-0.002,0.000,0.000,64.39,64,-0.0089,6333,4737.09,3211.07,3206.93,4373.09,1.364,3206.93,0,2,2591,50037,0,1,1,1,52563,622,1,0,1082319436
123044,9.018,9.017,9.000,9.000,9.000,9.000,0.000,64.22,0.6422,4.072,4.088,64.22,64.22,0.00,0,0,-3.22112,64.22,64.22,0.00,0,0,64.22,0.00,0.00,0.00,0.00,1.000,1.000,0.00,0,255.00,1,64.08,64.19,-0.10,9.017,9.018,4.067,4.011,0.001,0.001,0.003,64.22,64,0.4525,6732,4456.33,3209.58,3206.93,4373.09,1.364,3206.93,0,2,2602,50148,0,1,1,1,52685,4461,1,0,1082317765
123150,9.032,9.024,9.000,9.000,9.000,9.000,0.000,64.12,0.6412,4.069,4.088,64.12,64.12,0.00,0,0,-3.22000,64.12,64.12,0.00,0,0,64.12,0.00,0.00,0.00,0.00,1.000,1.000,0.00,0,255.00,1,63.89,64.03,-0.14,9.024,9.025,4.053,3.961,0.010,0.001,0.006,64.12,64,-0.1845,6447,4653.33,3208.63,3206.93,4373.09,1.364,3206.93,0,2,2613,50307,0,1,1,1,52855,2929,1,0,1082315998
123250,8.991,8.998,9.000,9.000,9.000,9.000,0.000,64.42,0.6442,4.071,4.087,64.42,64.42,0.00,0,0,-3.21988,64.42,64.42,0.00,0,0,64.42,0.00,0.00,0.00,0.00,1.000,1.000,0.00,0,255.00,1,64.38,64.36,0.01,8.998,8.997,4.076,4.192,-0.008,-0.000,0.000,64.42,65,-0.4377,6821,4398.18,3208.02,3206.93,4373.09,1.364,3206.93,0,2,2623,50439,0,1,1,1,52997,4731,1,0,1082314041
123354,9.010,9.011,9.000,9.000,9.000,9.000,0.000,64.25,0.6425,4.069,4.086,64.25,64.25,0.00,0,0,-3.21916,64.25,64.25,0.00,0,0,64.25,0.00,0.00,0.00,0.00,1.000,1.000,0.00,0,255.00,1,64.17,64.23,-0.07,9.011,9.011,4.071,4.060,-0.002,0.000,0.001,64.25,64,0.0451,9626,3116.56,3181.19,3154.66,4035.03,1.279,3116.56,1,1,2633,50581,0,1,1,1,53148,1769,1,0,1082312222
123455,9.013,9.016,9.000,9.000,9.000,9.000,0.000,64.18,0.6418,4.067,4.085,64.18,64.18,0.00,0,0,-3.21814,64.18,64.18,0.00,0,0,64.18,0.00,0.00,0.00,0.00,1.000,1.000,0.00,0,255.00,1,64.02,64.11,-0.10,9.016,9.017,4.060,4.030,-0.003,0.001,0.003,64.18,64,0.3731,7075,4240.28,3171.64,3154.66,4035.03,1.279,3154.66,0,2,2643,50712,0,1,1,1,53289,4185,1,0,1082310476
123556,9.030,9.021,9.000,9.000,9.000,9.000,0.000,64.09,0.6409,4.065,4.084,64.09,64.09,0.00,0,0,-3.21716,64.09,64.09,0.00,0,0,64.09,0.00,0.00,0.00,0.00,1.000,1.000,0.00,0,255.00,1,63.88,64.01,-0.13,9.021,9.023,4.052,3.983,0.009,0.001,0.005,64.09,64,-0.3227,7289,4115.79,3165.53,3154.66,4035.03,1.279,3154.66,0,2,2654,50839,0,1,1,1,53427,4586,1,0,1082308574
123663,8.992,9.005,9.000,9.000,9.000,9.000,0.000,64.26,0.6426,4.064,4.083,64.26,64.26,0.00,0,0,-3.21640,64.26,64.26,0.00,0,0,64.26,0.00,0.00,0.00,0.00,1.000,1.000,0.00,0,255.00,1,64.10,64.14,-0.03,9.006,9.006,4.057,4.138,-0.015,-0.000,0.001,64.26,64,0.0305,6771,4430.66,3193.71,3315.12,4420.17,1.333,3315.12,0,2,2667,50986,0,1,1,1,53587,374,1,0,1082306575
123763,9.027,9.022,9.000,9.000,9.000,9.000,0.000,64.04,0.6404,4.062,4.082,64.04,64.04,0.00,0,0,-3.21529,64.04,64.04,0.00,0,0,64.04,0.00,0.00,0.00,0.00,1.000,1.000,0.00,0,255.00,1,63.82,63.95,-0.13,9.022,9.023,4.047,3.984,0.006,0.001,0.005,64.04,64,0.2075,7183,4176.53,3247.84,3315.12,4420.17,1.333,3315.12,0,2,2676,51096,0,1,1,1,53705,4484,1,0,1082304463
123867,9.005,9.007,9.000,9.000,9.000,9.000,0.000,64.21,0.6421,4.062,4.081,64.21,64.21,0.00,0,0,-3.21482,64.21,64.21,0.00,0,0,64.21,0.00,0.00,0.00,0.00,1.000,1.000,0.00,0,255.00,1,64.10,64.14,-0.04,9.007,9.007,4.061,4.119,-0.002,0.000,0.001,64.21,65,-0.3856,8493,3532.32,3272.06,3315.12,4420.17,1.333,3315.12,0,2,2686,51231,0,1,1,1,53850,2814,1,0,1082302310
123969,9.011,9.008,9.000,9.000,9.000,9.000,0.000,64.20,0.6420,4.063,4.080,64.20,64.20,0.00,0,0,-3.21446,64.20,64.20,0.00,0,0,64.20,0.00,0.00,0.00,0.00,1.000,1.000,0.00,0,255.00,1,64.16,64.20,-0.05,9.008,9.008,4.071,4.091,0.003,0.000,0.001,64.20,64,0.0523,7382,4063.94,3287.57,3315.12,4420.17,1.333,3315.12,0,2,2697,51380,0,1,1,1,54010,3589,1,0,1082300227
124071,9.027,9.020,9.000,9.000,9.000,9.000,0.000,64.03,0.6403,4.061,4.079,64.03,64.03,0.00,0,0,-3.21351,64.03,64.03,0.00,0,0,64.03,0.00,0.00,0.00,0.00,1.000,1.000,0.00,0,255.00,1,63.90,64.03,-0.12,9.020,9.021,4.059,3.978,0.008,0.001,0.004,64.03,64,0.2215,7726,3882.99,3196.77,3035.35,3773.68,1.243,3035.35,0,2,2710,51519,0,1,1,1,54161,6818,1,0,1082298369
124176,9.024,9.015,9.000,9.000,9.000,9.000,0.000,64.08,0.6408,4.061,4.078,64.08,64.08,0.00,0,0,-3.21294,64.08,64.08,0.00,0,0,64.08,0.00,0.00,0.00,0.00,1.000,1.000,0.00,0,255.00,1,63.99,64.08,-0.09,9.015,9.015,4.062,4.024,0.011,0.000,0.002,64.08,65,-0.4784,6524,4598.41,3138.66,3035.35,3773.68,1.243,3035.35,0,2,2721,51655,0,1,1,1,54308,5063,1,0,1082296462
124276,8.996,9.005,9.000,9.000,9.000,9.000,0.000,64.18,0.6418,4.059,4.077,64.18,64.18,0.00,0,0,-3.21191,64.18,64.18,0.00,0,0,64.18,0.00,0.00,0.00,0.00,1.000,1.000,0.00,0,255.00,1,64.11,64.13,-0.03,9.005,9.004,4.063,4.122,-0.010,-0.000,0.000,64.18,64,-0.1665,12346,2429.94,3088.24,3035.35,3773.68,1.243,3035.35,0,2,2730,51776,0,1,1,1,54438,2195,1,0,1082294592
124383,9.017,9.012,9.000,9.000,9.000,9.000,0.000,64.08,0.6408,4.059,4.076,64.08,64.08,0.00,0,0,-3.21133,64.08,64.08,0.00,0,0,64.08,0.00,0.00,0.00,0.00,1.000,1.000,0.00,0,255.00,1,64.01,64.08,-0.07,9.012,9.012,4.063,4.041,0.006,0.000,0.001,64.08,64,0.0630,11519,2604.39,3089.98,3035.35,3773.68,1.243,3035.35,0,2,2738,51896,0,1,1,1,54566,3974,1,0,1082291688
124484,9.025,9.018,9.000,9.000,9.000,9.000,0.000,63.96,0.6396,4.056,4.073,63.96,63.96,0.00,0,0,-3.20910,63.96,63.96,0.00,0,0,63.96,0.00,0.00,0.00,0.00,1.000,1.000,0.00,0,255.00,1,63.82,63.93,-0.11,9.018,9.019,4.051,3.987,0.007,0.000,0.003,63.96,64,0.3787,6436,4661.28,2947.48,2896.86,3765.91,1.300,2896.86,0,2,2751,52041,0,1,1,1,54723,6067,1,0,1082289886
124586,8.986,8.997,9.000,9.000,9.000,9.000,0.000,64.21,0.6421,4.057,4.073,64.21,64.21,0.00,0,0,-3.20889,64.21,64.21,0.00,0,0,64.21,0.00,0.00,0.00,0.00,1.000,1.000,0.00,0,255.00,1,64.20,64.18,0.02,8.997,8.995,4.067,4.182,-0.013,-0.000,0.000,64.21,65,-0.3508,6883,4358.56,2929.26,2896.86,3765.91,1.300,2896.86,0,2,2761,52172,0,1,1,1,54864,2831,1,0,1082284383
124692,9.031,9.023,9.000,9.000,9.000,9.000,0.000,63.88,0.6388,4.054,4.072,63.88,63.88,0.00,0,0,-3.20780,63.88,63.88,0.00,0,0,63.88,0.00,0.00,0.00,0.00,1.000,1.000,0.00,0,255.00,1,63.73,63.87,-0.14,9.023,9.023,4.048,3.941,0.009,0.001,0.005,63.88,64,-0.4662,6445,4654.77,2917.59,2896.86,3765.91,1.300,2896.86,0,2,2773,52312,0,1,1,1,55016,2556,1,0,1082282615
124792,9.000,9.005,9.000,9.000,9.000,9.000,0.000,64.09,0.6409,4.055,4.071,64.09,64.09,0.00,0,0,-3.20738,64.09,64.09,0.00,0,0,64.09,0.00,0.00,0.00,0.00,1.000,1.000,0.00,0,255.00,1,64.02,64.05,-0.03,9.004,9.003,4.058,4.112,-0.005,-0.000,0.000,64.09,64,-0.3386,6603,4543.39,2910.13,2896.86,3765.91,1.300,2896.86,0,2,2784,52425,0,1,1,1,55140,2045,1,0,1082280806
124897,8.988,8.995,9.000,9.000,9.000,9.000,0.000,64.21,0.6421,4.057,4.070,64.21,64.21,0.00,0,0,-3.20748,64.21,64.21,0.00,0,0,64.21,0.00,0.00,0.00,0.00,1.000,1.000,0.00,0,255.00,1,64.30,64.26,0.03,8.994,8.992,4.078,4.183,-0.007,-0.000,0.000,64.21,64,-0.0032,6271,4783.93,3024.75,3228.53,4182.41,1.295,3228.53,0,2,2794,52544,0,1,1,1,55268,3464,1,0,1082278998
125038,9.012,9.012,9.000,9.000,9.000,9.000,0.000,63.94,0.6394,4.051,4.067,63.94,63.94,0.00,0,0,-3.20451,63.94,63.94,0.00,0,0,63.94,0.00,0.00,0.00,0.00,1.000,1.000,0.00,0,255.00,1,63.81,63.88,-0.07,9.012,9.013,4.046,4.035,-0.000,0.000,0.002,63.94,64,-0.2668,6734,4455.00,3194.34,3228.53,4182.41,1.295,3228.53,0,2,2810,52734,0,1,1,1,55474,4150,1,0,1082277515
125179,9.008,9.014,9.000,9.000,9.000,9.000,0.000,63.89,0.6389,4.048,4.066,63.89,63.89,0.00,0,0,-3.20298,63.89,63.89,0.00,0,0,63.89,0.00,0.00,0.00,0.00,1.000,1.000,0.00,0,255.00,1,63.68,63.76,-0.08,9.014,9.014,4.033,4.037,-0.006,0.000,0.002,63.89,64,0.3204,6643,4516.03,3211.02,3228.53,4182.41,1.295,3228.53,0,2,2825,52952,0,1,1,1,55707,5884,1,0,1082271127
125280,9.015,9.015,9.000,9.000,9.000,9.000,0.000,63.81,0.6381,4.042,4.062,63.81,63.81,0.00,0,0,-3.19971,63.81,63.81,0.00,0,0,63.81,0.00,0.00,0.00,0.00,1.000,1.000,0.00,0,255.00,1,63.61,63.70,-0.09,9.015,9.016,4.030,4.033,-0.000,0.000,0.002,63.81,64,0.1517,9751,3076.61,3303.96,3328.62,4489.77,1.349,3328.62,0,2,2836,53082,0,1,1,1,55847,1158,1,0,1082268224
125425,9.018,9.007,9.000,9.000,9.000,9.000,0.000,63.91,0.6391,4.044,4.061,63.91,63.91,0.00,0,0,-3.19948,63.91,63.91,0.00,0,0,63.91,0.00,0.00,0.00,0.00,1.000,1.000,0.00,0,255.00,1,63.92,63.96,-0.04,9.006,9.005,4.059,4.074,0.013,-0.000,0.000,63.91,64,0.0312,7755,3868.47,3298.27,3328.62,4489.77,1.349,3328.62,0,2,2850,53302,0,1,1,1,56081,2928,1,0,1082260690
125563,8.995,8.998,9.000,9.000,9.000,9.000,0.000,64.01,0.6401,4.047,4.060,64.01,64.01,0.00,0,0,-3.19931,64.01,64.01,0.00,0,0,64.01,0.00,0.00,0.00,0.00,1.000,1.000,0.00,0,255.00,1,64.12,64.11,0.01,8.998,8.996,4.073,4.130,-0.004,-0.000,0.000,64.01,64,-0.0778,6617,4533.78,3313.08,3328.62,4489.77,1.349,3328.62,0,2,2867,53496,0,1,1,1,56292,6617,1,0,1082257897
125667,9.006,9.008,9.000,9.000,9.000,9.000,0.000,63.87,0.6387,4.046,4.059,63.87,63.87,0.00,0,0,-3.19874,63.87,63.87,0.00,0,0,63.87,0.00,0.00,0.00,0.00,1.000,1.000,0.00,0,255.00,1,63.91,63.97,-0.05,9.008,9.008,4.063,4.033,-0.002,0.000,0.001,63.87,64,-0.3535,6133,4891.57,3275.80,3209.54,4383.76,1.366,3209.54,0,2,2879,53611,0,1,1,1,56418,642,1,0,1082255678
125768,9.026,9.024,9.000,9.000,9.000,9.000,0.000,63.66,0.6366,4.042,4.058,63.66,63.66,0.00,0,0,-3.19736,63.66,63.66,0.00,0,0,63.66,0.00,0.00,0.00,0.00,1.000,1.000,0.00,0,255.00,1,63.48,63.63,-0.15,9.024,9.026,4.031,3.912,0.001,0.001,0.006,63.66,64,-0.0044,7529,3984.59,3251.95,3209.54,4383.76,1.366,3209.54,0,2,2891,53769,0,1,1,1,56588,1738,1,0,1082254301
125869,8.983,8.997,9.000,9.000,9.000,9.000,0.000,63.98,0.6398,4.042,4.057,63.98,63.98,0.00,0,0,-3.19709,63.98,63.98,0.00,0,0,63.98,0.00,0.00,0.00,0.00,1.000,1.000,0.00,0,255.00,1,63.93,63.91,0.02,8.997,8.996,4.047,4.171,-0.016,-0.000,0.000,63.98,64,-0.2310,6701,4476.94,3236.68,3209.54,4383.76,1.366,3209.54,0,2,2902,53900,0,1,1,1,56730,6635,1,0,1082252578
125973,9.008,9.008,9.000,9.000,9.000,9.000,0.000,63.82,0.6382,4.042,4.055,63.82,63.82,0.00,0,0,-3.19549,63.82,63.82,0.00,0,0,63.82,0.00,0.00,0.00,0.00,1.000,1.000,0.00,0,255.00,1,63.79,63.83,-0.05,9.007,9.007,4.048,4.046,0.000,0.000,0.000,63.82,64,-0.4143,8328,3602.31,3371.82,3421.76,4619.37,1.350,3421.76,0,2,2912,54054,0,1,1,1,56893,5184,1,0,1082250856
126075,9.026,9.025,9.000,9.000,9.000,9.000,0.000,63.57,0.6357,4.037,4.054,63.57,63.57,0.00,0,0,-3.19401,63.57,63.57,0.00,0,0,63.57,0.00,0.00,0.00,0.00,1.000,1.000,0.00,0,255.00,1,63.33,63.48,-0.15,9.026,9.027,4.018,3.904,0.001,0.001,0.006,63.57,64,-0.2378,6580,4559.27,3389.80,3421.76,4619.37,1.350,3421.76,0,2,2923,54157,0,1,1,1,57007,498,1,0,1082245666
126182,8.985,8.998,9.000,9.000,9.000,9.000,0.000,63.89,0.6389,4.038,4.053,63.89,63.89,0.00,0,0,-3.19368,63.89,63.89,0.00,0,0,63.89,0.00,0.00,0.00,0.00,1.000,1.000,0.00,0,255.00,1,63.79,63.78,0.01,8.998,8.997,4.035,4.161,-0.015,-0.000,0.000,63.89,64,0.3752,6364,4714.02,3401.30,3421.76,4619.37,1.350,3421.76,0,2,2934,54295,0,1,1,1,57156,2529,1,0,1082243881
126282,9.002,9.002,9.000,9.000,9.000,9.000,0.000,63.85,0.6385,4.040,4.052,63.85,63.85,0.00,0,0,-3.19346,63.85,63.85,0.00,0,0,63.85,0.00,0.00,0.00,0.00,1.000,1.000,0.00,0,255.00,1,63.91,63.92,-0.01,9.002,9.000,4.058,4.084,0.000,-0.000,0.000,63.85,64,-0.2298,7674,3909.30,3413.38,3421.76,4619.37,1.350,3421.76,0,2,2943,54423,0,1,1,1,57293,4868,1,0,1082242086
126382,9.032,9.017,9.000,9.000,9.000,9.000,0.000,63.65,0.6365,4.039,4.051,63.65,63.65,0.00,0,0,-3.19291,63.65,63.65,0.00,0,0,63.65,0.00,0.00,0.00,0.00,1.000,1.000,0.00,0,255.00,1,63.62,63.73,-0.11,9.017,9.017,4.047,3.933,0.017,0.001,0.002,63.65,63,0.2720,8038,3732.27,3237.78,2925.60,3900.80,1.333,2925.60,0,2,2953,54538,0,1,1,1,57417,5914,1,0,1082239365
126487,9.005,9.008,9.000,9.000,9.000,9.000,0.000,63.75,0.6375,4.038,4.051,63.75,63.75,0.00,0,0,-3.19231,63.75,63.75,0.00,0,0,63.75,0.00,0.00,0.00,0.00,1.000,1.000,0.00,0,255.00,1,63.69,63.74,-0.05,9.008,9.007,4.041,4.035,-0.004,0.000,0.001,63.75,64,-0.2704,8190,3663.00,3125.39,2925.60,3900.80,1.333,2925.60,0,2,2964,54688,0,1,1,1,57578,6737,1,0,1082238171
126587,8.999,9.006,9.000,9.000,9.000,9.000,0.000,63.76,0.6376,4.037,4.050,63.76,63.76,0.00,0,0,-3.19168,63.76,63.76,0.00,0,0,63.76,0.00,0.00,0.00,0.00,1.000,1.000,0.00,0,255.00,1,63.68,63.71,-0.04,9.006,9.006,4.036,4.058,-0.009,-0.000,0.000,63.76,64,0.1425,7498,4001.07,3053.47,2925.60,3900.80,1.333,2925.60,0,2,2975,54838,0,1,1,1,57739,1765,1,0,1082236827
126694,9.023,9.011,9.000,9.000,9.000,9.000,0.000,63.69,0.6369,4.038,4.049,63.69,63.69,0.00,0,0,-3.19140,63.69,63.69,0.00,0,0,63.69,0.00,0.00,0.00,0.00,1.000,1.000,0.00,0,255.00,1,63.65,63.71,-0.07,9.011,9.011,4.041,3.998,0.014,0.000,0.001,63.69,64,-0.3049,6870,4366.81,3007.44,2925.60,3900.80,1.333,2925.60,0,2,2986,55000,0,1,1,1,57912,5094,1,0,1082235400
126795,8.989,8.998,9.000,9.000,9.000,9.000,0.000,63.85,0.6385,4.038,4.049,63.85,63.85,0.00,0,0,-3.19126,63.85,63.85,0.00,0,0,63.85,0.00,0.00,0.00,0.00,1.000,1.000,0.00,0,255.00,1,63.88,63.86,0.02,8.997,8.996,4.050,4.123,-0.009,-0.000,0.000,63.85,64,0.2837,9001,3332.96,3104.14,3204.91,4516.01,1.409,3332.96,1,1,2997,55149,0,1,1,1,58071,1158,1,0,1082234144
126935,9.012,9.014,9.000,9.000,9.000,9.000,0.000,63.63,0.6363,4.035,4.048,63.63,63.63,0.00,0,0,-3.19000,63.63,63.63,0.00,0,0,63.63,0.00,0.00,0.00,0.00,1.000,1.000,0.00,0,255.00,1,63.50,63.58,-0.09,9.014,9.015,4.027,3.983,-0.003,0.000,0.002,63.63,63,0.2024,7136,4204.04,3153.31,3204.91,4516.01,1.409,3204.91,0,2,3013,55338,0,1,1,1,58276,3406,1,0,1082232953
127035,9.022,9.013,9.000,9.000,9.000,9.000,0.000,63.64,0.6364,4.035,4.047,63.64,63.64,0.00,0,0,-3.18956,63.64,63.64,0.00,0,0,63.64,0.00,0.00,0.00,0.00,1.000,1.000,0.00,0,255.00,1,63.53,63.61,-0.08,9.013,9.013,4.030,3.992,0.011,0.000,0.002,63.64,64,-0.3856,8223,3648.30,3171.89,3204.91,4516.01,1.409,3204.91,0,2,3023,55453,0,1,1,1,58401,1763,1,0,1082230979
127136,8.982,8.993,9.000,9.000,9.000,9.000,0.000,63.88,0.6388,4.037,4.047,63.88,63.88,0.00,0,0,-3.18966,63.88,63.88,0.00,0,0,63.88,0.00,0.00,0.00,0.00,1.000,1.000,0.00,0,255.00,1,63.92,63.88,0.05,8.992,8.991,4.050,4.170,-0.011,-0.001,0.001,63.88,64,0.2354,6169,4863.02,3209.56,3333.82,4365.71,1.310,3333.82,0,2,3034,55604,0,1,1,1,58563,3392,1,0,1082229633
127242,9.026,9.016,9.000,9.000,9.000,9.000,0.000,63.58,0.6358,4.035,4.046,63.58,63.58,0.00,0,0,-3.18897,63.58,63.58,0.00,0,0,63.58,0.00,0.00,0.00,0.00,1.000,1.000,0.00,0,255.00,1,63.51,63.61,-0.10,9.017,9.017,4.035,3.939,0.010,0.001,0.002,63.58,64,-0.4730,8100,3703.70,3254.29,3333.82,4365.71,1.310,3333.82,0,2,3045,55759,0,1,1,1,58728,3654,1,0,1082228455
127344,9.009,9.006,9.000,9.000,9.000,9.000,0.000,63.70,0.6370,4.035,4.046,63.70,63.70,0.00,0,0,-3.18868,63.70,63.70,0.00,0,0,63.70,0.00,0.00,0.00,0.00,1.000,1.000,0.00,0,255.00,1,63.66,63.70,-0.04,9.006,9.005,4.039,4.038,0.003,-0.000,0.000,63.70,64,-0.0412,8551,3508.36,3282.92,3333.82,4365.71,1.310,3333.82,0,2,3055,55892,0,1,1,1,58871,4431,1,0,1082227321
=== SHOT TELEMETRY END ===
